catalogstack	TAKEN
subjectkernel	AVAIL
cutlistdock	AVAIL
turbinetrail	AVAIL
recordcompass	TAKEN
wattdesk	TAKEN
mandatesignal	TAKEN
solarframe	TAKEN
recordforge	TAKEN
mandategrid	TAKEN
ledgerpath	TAKEN
secretlens	TAKEN
manifestatlas	TAKEN
deploylens	TAKEN
palletbridge	TAKEN
binarysignal	TAKEN
retentionbase	TAKEN
passportfolio	TAKEN
signalkernel	TAKEN
metricboard	TAKEN
embercompass	TAKEN
cutlistbench	AVAIL
filingdocket	TAKEN
filingpath	TAKEN
wattfabric	TAKEN
shopfloorlog	AVAIL
evalframe	AVAIL
redactstack	TAKEN
paylens	TAKEN
triagesignal	TAKEN
escrowforge	TAKEN
routelane	TAKEN
complyengine	TAKEN
buildindex	TAKEN
patientindex	TAKEN
solarloop	TAKEN
erasurevault	AVAIL
fleetdock	TAKEN
signalvault	TAKEN
payatlas	TAKEN
fleetbeacon	TAKEN
captionfolio	AVAIL
binaryport	TAKEN
dosingdeck	AVAIL
customskernel	AVAIL
emberframe	TAKEN
billinglane	TAKEN
tenantworks	TAKEN
exposureguard	TAKEN
cutlistmesh	AVAIL
packageworks	TAKEN
datasetdocket	AVAIL
erasureport	AVAIL
tokenlane	TAKEN
identityport	TAKEN
attestdeck	AVAIL
cobotrail	AVAIL
breachlens	TAKEN
carbondock	TAKEN
routekernel	TAKEN
tensorlayer	TAKEN
auditledger	TAKEN
settlemesh	TAKEN
settleport	TAKEN
thermalkernel	AVAIL
embedtrail	AVAIL
fleetbench	TAKEN
paystack	TAKEN
badgedocket	AVAIL
evalcompass	TAKEN
vectorgate	TAKEN
ladingdocket	AVAIL
metricpath	TAKEN
breachthread	AVAIL
metricsuite	TAKEN
incidentgate	AVAIL
tensordocket	AVAIL
haulagelayer	AVAIL
filingkernel	TAKEN
catalogloop	AVAIL
packagethread	AVAIL
releasegrid	TAKEN
breachdepot	AVAIL
embedmap	TAKEN
freightbase	TAKEN
lineageloop	TAKEN
pipelineport	AVAIL
sessionledger	TAKEN
modelsuite	TAKEN
policyindex	TAKEN
secretyard	TAKEN
clearingpanel	AVAIL
carboncore	TAKEN
complyrail	TAKEN
solaratlas	TAKEN
artifactworks	TAKEN
treasuryvault	TAKEN
montagedocket	AVAIL
commitpanel	AVAIL
traceatlas	TAKEN
routedock	TAKEN
vectorbridge	TAKEN
complylog	TAKEN
redactvault	TAKEN
incidentmesh	TAKEN
ledgersuite	TAKEN
reconcileport	AVAIL
badgedock	TAKEN
columnsuite	AVAIL
policydocket	TAKEN
posturemap	TAKEN
intaketrail	AVAIL
breachlane	TAKEN
releaselane	TAKEN
controlwatch	TAKEN
routeport	TAKEN
schemaledger	TAKEN
shipmentmesh	AVAIL
paymentkernel	TAKEN
complycompass	TAKEN
privacykernel	TAKEN
runtimedocket	AVAIL
prooflane	TAKEN
cutlistpath	AVAIL
badgeloop	TAKEN
solaryard	TAKEN
triagegrid	TAKEN
shopfloordesk	AVAIL
patchdesk	TAKEN
datasetpath	TAKEN
customscore	TAKEN
policylens	TAKEN
freightyard	TAKEN
binarydock	TAKEN
revenueport	TAKEN
reconcilelog	AVAIL
filingsuite	TAKEN
emissionlayer	AVAIL
tensordeck	TAKEN
revenueledger	TAKEN
settlethread	AVAIL
lineageledger	TAKEN
carbondocket	AVAIL
reasoningdock	AVAIL
clausebridge	TAKEN
registryport	AVAIL
stagingbeacon	AVAIL
schemadepot	TAKEN
cobotmap	AVAIL
deploylane	TAKEN
subjectport	AVAIL
invoicebase	TAKEN
autonomycore	TAKEN
catalogmap	TAKEN
recordbridge	TAKEN
covenantyard	AVAIL
schemadeck	TAKEN
covenantdepot	AVAIL
billingloop	TAKEN
consentlane	TAKEN
complyguard	TAKEN
keypanel	TAKEN
erasurepath	AVAIL
vendorlayer	TAKEN
tenantfabric	AVAIL
treasurydesk	TAKEN
redactroom	AVAIL
assuranceport	AVAIL
haulagescope	AVAIL
traceyard	TAKEN
wattanchor	AVAIL
payoutport	TAKEN
chartlane	TAKEN
clearingmap	AVAIL
breachpath	TAKEN
datasetworks	AVAIL
autonomydeck	AVAIL
promptfabric	TAKEN
carbonlog	TAKEN
tensormap	TAKEN
vectorcompass	TAKEN
accesslog	TAKEN
freightdock	TAKEN
secretkernel	AVAIL
covenantgate	TAKEN
montageport	AVAIL
retentionloop	TAKEN
turbinefolio	AVAIL
carbonscope	TAKEN
clearingindex	AVAIL
metricdeck	TAKEN
deploylayer	TAKEN
manifestdock	AVAIL
artifactport	AVAIL
agentsuite	TAKEN
haulageanchor	AVAIL
secretvault	TAKEN
keyatlas	TAKEN
dosingfolio	AVAIL
incidentbench	TAKEN
consentbench	AVAIL
palletindex	TAKEN
emberlog	TAKEN
subjectdesk	TAKEN
haulagecore	AVAIL
cohortkernel	AVAIL
tokenlayer	TAKEN
riskworks	TAKEN
haulagedeck	AVAIL
patchdepot	TAKEN
customsdepot	TAKEN
freightforge	TAKEN
mandateatlas	AVAIL
thermalframe	TAKEN
clauserail	AVAIL
promptbase	TAKEN
covenantwatch	TAKEN
weightsmap	AVAIL
pipelinebench	TAKEN
revenuetrail	TAKEN
packageledger	TAKEN
revenuedeck	TAKEN
attestlayer	TAKEN
binaryworks	TAKEN
exposurebase	TAKEN
columnrail	TAKEN
settleledger	TAKEN
corpusrail	AVAIL
posturedeck	AVAIL
posturesignal	AVAIL
metricindex	TAKEN
fleetlayer	TAKEN
columnstack	TAKEN
tracesignal	TAKEN
patchwatch	TAKEN
badgeanchor	TAKEN
contextport	TAKEN
patientmesh	TAKEN
complyroom	AVAIL
triagelayer	TAKEN
contextledger	TAKEN
payerfolio	AVAIL
runtimesuite	AVAIL
badgetrail	TAKEN
modelport	TAKEN
captionanchor	AVAIL
tensorscope	TAKEN
emissiongate	AVAIL
chartsuite	TAKEN
proofyard	TAKEN
billingsignal	TAKEN
autonomystack	TAKEN
patchmap	TAKEN
tracelayer	TAKEN
dosinganchor	AVAIL
identityworks	TAKEN
depotdocket	AVAIL
routesignal	TAKEN
binaryroom	TAKEN
pipelinecore	TAKEN
intakeport	TAKEN
agentfabric	TAKEN
subjectvault	TAKEN
breachrail	AVAIL
evalport	TAKEN
payport	TAKEN
consentboard	TAKEN
paymentlane	TAKEN
emissionlens	TAKEN
subjectforge	AVAIL
commitbeacon	AVAIL
filingtrail	TAKEN
invoicesuite	TAKEN
tokenscope	TAKEN
dosingframe	AVAIL
riskscope	TAKEN
trustfabric	TAKEN
binarylane	TAKEN
identityforge	TAKEN
captionledger	AVAIL
triagebase	TAKEN
stagingindex	AVAIL
identitybench	AVAIL
subjectindex	TAKEN
auditfolio	TAKEN
datasetrail	AVAIL
mandatebench	AVAIL
shipmentframe	AVAIL
exposurevault	TAKEN
solarcompass	TAKEN
policybase	TAKEN
threatbeacon	TAKEN
payersignal	TAKEN
policyledger	TAKEN
chartpanel	TAKEN
patchport	TAKEN
clearingscope	AVAIL
tensortrail	TAKEN
palletmesh	TAKEN
renewablegate	AVAIL
promptkernel	TAKEN
chartregister	AVAIL
captiondesk	TAKEN
corpusbridge	AVAIL
privacysuite	TAKEN
kinematicdeck	AVAIL
payoutlog	AVAIL
identitymap	TAKEN
actuatorpanel	AVAIL
policyatlas	TAKEN
tokenlens	TAKEN
ledgerindex	TAKEN
recordlane	TAKEN
storyboardmap	AVAIL
customsbridge	TAKEN
charterpath	TAKEN
dosingengine	AVAIL
clinicvault	TAKEN
depotbench	TAKEN
corpuscompass	TAKEN
complywatch	TAKEN
redactsignal	AVAIL
tenantlayer	TAKEN
paydepot	TAKEN
redactport	AVAIL
vendordepot	TAKEN
recordwatch	TAKEN
promptguard	TAKEN
binarypath	TAKEN
embedpanel	AVAIL
payloadledger	AVAIL
retentiondesk	TAKEN
identityroom	TAKEN
clauselayer	TAKEN
consentport	TAKEN
payergate	TAKEN
traceboard	TAKEN
paymentbench	AVAIL
agentloop	TAKEN
riskindex	TAKEN
chartanchor	TAKEN
thermalpath	TAKEN
vectorindex	TAKEN
policyvault	TAKEN
corpusbase	TAKEN
payoutloop	TAKEN
customspanel	AVAIL
incidentindex	TAKEN
customsmap	AVAIL
accessengine	TAKEN
paymentdocket	AVAIL
incidentrail	AVAIL
revenuemesh	TAKEN
depotwatch	TAKEN
intakelog	TAKEN
keyroom	TAKEN
cobotgrid	TAKEN
signalmap	TAKEN
filinglayer	TAKEN
shipmentdepot	TAKEN
privacybridge	TAKEN
evaldesk	TAKEN
secretbase	TAKEN
vendorscope	TAKEN
vectorforge	TAKEN
cargogate	TAKEN
payergrid	TAKEN
patientlog	TAKEN
deploydeck	TAKEN
deployfabric	TAKEN
tenantcompass	TAKEN
cobotscope	AVAIL
assurancelog	TAKEN
agentmap	TAKEN
guardrailroom	AVAIL
revenuedock	TAKEN
paymentbeacon	TAKEN
billinglayer	TAKEN
ladingdepot	AVAIL
tensoranchor	AVAIL
buildlens	TAKEN
trustanchor	TAKEN
keydeck	TAKEN
payoutgate	TAKEN
evaldepot	AVAIL
renewablelens	AVAIL
mandatelane	TAKEN
deployboard	TAKEN
evidenceroom	TAKEN
patchframe	TAKEN
actuatorlog	AVAIL
depotstack	TAKEN
solarbridge	TAKEN
redactlens	AVAIL
shipmentyard	AVAIL
erasuredocket	AVAIL
palletframe	TAKEN
assuranceloop	TAKEN
billingmesh	TAKEN
tenantatlas	TAKEN
escrowbridge	TAKEN
accessdeck	TAKEN
fleetroom	TAKEN
weightswatch	AVAIL
erasurewatch	AVAIL
rolloutgate	AVAIL
chartergrid	TAKEN
rolloutpanel	AVAIL
packagekernel	AVAIL
runtimevault	TAKEN
sessionbridge	TAKEN
clausedeck	TAKEN
mandatesuite	AVAIL
billingtrail	AVAIL
billingpath	TAKEN
clinicfolio	TAKEN
actuatorgrid	AVAIL
tokencompass	TAKEN
invoiceindex	TAKEN
clearingdepot	TAKEN
evidenceport	TAKEN
erasuregate	AVAIL
covenantlane	TAKEN
policypanel	TAKEN
intakeworks	TAKEN
registrydesk	TAKEN
schematrail	AVAIL
tracerail	TAKEN
evidenceframe	AVAIL
statutedock	AVAIL
treasurydock	TAKEN
metricgrid	TAKEN
exposurelens	TAKEN
recordscope	TAKEN
tokenledger	TAKEN
deploylog	TAKEN
guardrailpath	AVAIL
evalroom	TAKEN
riskmap	TAKEN
brollgate	AVAIL
cohortdock	TAKEN
paymentscope	TAKEN
controlkernel	TAKEN
payledger	TAKEN
threatguard	TAKEN
posturedocket	AVAIL
filingroom	TAKEN
depotrail	TAKEN
patientledger	TAKEN
datasetstack	TAKEN
deploydocket	AVAIL
claimsdock	AVAIL
sessionscope	TAKEN
ledgerlens	TAKEN
signalcompass	TAKEN
keygate	TAKEN
vectorbench	TAKEN
montagelens	AVAIL
formularyrail	AVAIL
haulageframe	AVAIL
montageyard	AVAIL
depotindex	AVAIL
carbonstack	TAKEN
rendersignal	AVAIL
tokendeck	TAKEN
runtimeport	TAKEN
clinicdepot	TAKEN
emberboard	TAKEN
tenantsignal	TAKEN
chartport	TAKEN
vendormesh	TAKEN
settletrail	AVAIL
thermalworks	TAKEN
modelcore	TAKEN
identitymesh	TAKEN
catalogkernel	AVAIL
pipelinelayer	TAKEN
attestdepot	AVAIL
shipmentrail	AVAIL
identitystack	TAKEN
columnatlas	AVAIL
thermalfabric	TAKEN
releaseledger	TAKEN
cargoledger	TAKEN
triageport	AVAIL
cutlistframe	AVAIL
complytrail	TAKEN
pipelinedock	TAKEN
ladinglayer	AVAIL
palletsignal	AVAIL
pipelineloop	TAKEN
redactloop	AVAIL
cobotframe	AVAIL
tensorstack	TAKEN
remitport	TAKEN
commitkernel	AVAIL
catalogwatch	TAKEN
palletforge	TAKEN
remitvault	TAKEN
accessgrid	TAKEN
keybeacon	TAKEN
settledocket	AVAIL
contextgrid	TAKEN
catalogdocket	AVAIL
cliniclog	TAKEN
fleetregister	TAKEN
solarport	TAKEN
warehouseloop	TAKEN
shopfloorcore	AVAIL
threatcompass	TAKEN
identityfolio	TAKEN
assurancedock	AVAIL
passportbase	TAKEN
revenuevault	TAKEN
deployindex	TAKEN
columnguard	TAKEN
policygrid	TAKEN
routemesh	TAKEN
auditcompass	TAKEN
secretsuite	TAKEN
chartroom	TAKEN
fleetlens	TAKEN
chartdeck	TAKEN
cutlistwatch	AVAIL
subjectyard	AVAIL
payloadstack	TAKEN
columnsignal	AVAIL
charteratlas	TAKEN
columndeck	TAKEN
erasurelane	AVAIL
registryscope	AVAIL
solarengine	TAKEN
emberstack	TAKEN
actuatorcore	TAKEN
payoutcompass	TAKEN
payloadindex	AVAIL
buildlane	TAKEN
riskguard	TAKEN
invoicescope	TAKEN
evaldock	TAKEN
chartvault	TAKEN
vectorscope	TAKEN
controlforge	TAKEN
billingindex	TAKEN
ledgerbase	TAKEN
schemasignal	TAKEN
contextdepot	TAKEN
revenueyard	TAKEN
renderforge	TAKEN
escrowthread	AVAIL
auditdock	TAKEN
routedepot	TAKEN
clauseindex	TAKEN
runtimebench	TAKEN
renderbeacon	TAKEN
signalbase	TAKEN
incidentdepot	AVAIL
rendercompass	AVAIL
tensoratlas	TAKEN
invoicecore	TAKEN
cobotroom	AVAIL
dosingvault	AVAIL
triagelane	TAKEN
statutesuite	AVAIL
autonomyport	TAKEN
riskatlas	TAKEN
triagebridge	AVAIL
clauseyard	AVAIL
artifactpath	AVAIL
payforge	TAKEN
vendoranchor	TAKEN
customslayer	TAKEN
ledgerengine	TAKEN
schemadocket	AVAIL
emissiongrid	TAKEN
customsforge	TAKEN
rolloutbridge	AVAIL
freightsuite	TAKEN
redactlayer	TAKEN
stagingscope	AVAIL
renewablegrid	TAKEN
thermalmap	TAKEN
invoicebridge	TAKEN
releasebench	TAKEN
ladingsuite	AVAIL
vendorsignal	TAKEN
chartbeacon	TAKEN
posturebench	TAKEN
ledgerbench	TAKEN
columnforge	TAKEN
paymentengine	TAKEN
ledgermap	TAKEN
payloadpanel	TAKEN
invoiceport	TAKEN
controlsignal	TAKEN
proofvault	TAKEN
patchengine	TAKEN
filingworks	TAKEN
evalvault	TAKEN
controlsuite	TAKEN
registryrail	TAKEN
shopfloordeck	AVAIL
packagegrid	TAKEN
incidentcore	TAKEN
billingstack	TAKEN
settleboard	TAKEN
attestyard	AVAIL
montagemap	AVAIL
complyindex	AVAIL
montagepath	AVAIL
payoutsignal	TAKEN
consentfolio	TAKEN
policydepot	TAKEN
settlesignal	TAKEN
columncompass	AVAIL
captionloop	TAKEN
emissionbase	TAKEN
cutlistworks	AVAIL
ledgersignal	TAKEN
exposurerail	AVAIL
tokenpanel	TAKEN
mandatefolio	AVAIL
statutefabric	AVAIL
captionindex	AVAIL
emissionport	AVAIL
rolloutframe	AVAIL
threatledger	TAKEN
intakedesk	TAKEN
packageindex	TAKEN
cohortindex	AVAIL
paymentdeck	TAKEN
embedwatch	AVAIL
payersuite	AVAIL
clauselane	AVAIL
montagerail	TAKEN
schemaframe	TAKEN
tenantledger	TAKEN
tracecore	TAKEN
fleetworks	TAKEN
pipelineyard	TAKEN
solarpath	TAKEN
buildmap	TAKEN
depotcompass	AVAIL
breachsuite	AVAIL
kinematicport	AVAIL
embedroom	AVAIL
revenuesuite	TAKEN
tenantdock	TAKEN
exposuremesh	AVAIL
subjectmap	TAKEN
inferencegrid	TAKEN
weightsatlas	AVAIL
ladingscope	AVAIL
solarwatch	TAKEN
emberfolio	TAKEN
controlmesh	TAKEN
revenuedepot	TAKEN
paykernel	TAKEN
corpusyard	AVAIL
clinicwatch	TAKEN
posturevault	TAKEN
contextfolio	TAKEN
covenantroom	AVAIL
carbonsignal	TAKEN
routeatlas	TAKEN
montageatlas	AVAIL
deploycompass	AVAIL
montagewatch	AVAIL
payloadcore	TAKEN
embedlog	AVAIL
renderanchor	AVAIL
customswatch	TAKEN
chartertrail	AVAIL
promptbench	TAKEN
billingvault	TAKEN
auditmesh	TAKEN
policydock	TAKEN
subjectloop	TAKEN
brollindex	AVAIL
escrowbench	AVAIL
payoutbench	TAKEN
lineagescope	AVAIL
sessionfolio	AVAIL
settleatlas	TAKEN
redactboard	AVAIL
renderframe	TAKEN
agentrail	TAKEN
packageboard	TAKEN
catalogtrail	TAKEN
agentlayer	TAKEN
corpuspath	TAKEN
payloadgrid	TAKEN
routesuite	TAKEN
shipmentforge	AVAIL
invoicefabric	AVAIL
cutlistanchor	AVAIL
vectorlens	TAKEN
embedatlas	TAKEN
revenuemap	TAKEN
subjectroom	AVAIL
clauseatlas	TAKEN
customsgrid	AVAIL
ledgergrid	TAKEN
autonomyguard	TAKEN
ladingbeacon	AVAIL
recordyard	TAKEN
clauseanchor	AVAIL
auditbase	TAKEN
registrylayer	TAKEN
turbinebase	TAKEN
cobotpanel	AVAIL
corpuswatch	TAKEN
formularygrid	AVAIL
solaranchor	TAKEN
deployforge	TAKEN
tracemap	TAKEN
thermaldeck	TAKEN
billingfolio	AVAIL
binarylayer	TAKEN
consentvault	TAKEN
claimsengine	TAKEN
patientfolio	TAKEN
mandatepath	AVAIL
accesslayer	TAKEN
schemaport	TAKEN
chartersuite	TAKEN
claimsatlas	TAKEN
passportloop	TAKEN
posturethread	AVAIL
registryroom	TAKEN
haulageledger	AVAIL
emissionindex	TAKEN
dosingcore	AVAIL
evidencepanel	AVAIL
tensorworks	TAKEN
clausevault	TAKEN
customsroom	AVAIL
embedpath	AVAIL
emissionguard	TAKEN
evidencebase	TAKEN
billingroom	TAKEN
paydock	TAKEN
invoiceworks	TAKEN
shipmentwatch	TAKEN
treasuryscope	TAKEN
binarythread	TAKEN
statutemesh	AVAIL
auditbridge	TAKEN
weightslayer	TAKEN
badgethread	AVAIL
thermalbench	TAKEN
revenuelog	TAKEN
palletbase	TAKEN
emberwatch	TAKEN
tenantindex	TAKEN
emissionstack	TAKEN
paycore	TAKEN
billingbase	TAKEN
billingdesk	TAKEN
deploypanel	TAKEN
ladingroom	AVAIL
consentbeacon	TAKEN
cobotyard	AVAIL
captionroom	TAKEN
proofpath	TAKEN
captionbridge	TAKEN
triagecompass	AVAIL
actuatorvault	AVAIL
ledgerpanel	TAKEN
secretfabric	AVAIL
promptvault	TAKEN
erasureanchor	AVAIL
identitygrid	TAKEN
rolloutkernel	AVAIL
freightanchor	TAKEN
vectorworks	TAKEN
clausestack	TAKEN
shopfloorbase	AVAIL
erasureindex	AVAIL
fleetdesk	TAKEN
attestbeacon	AVAIL
ladinganchor	AVAIL
payerloop	TAKEN
modeldepot	TAKEN
rendergate	TAKEN
montagepanel	AVAIL
weightsboard	AVAIL
triagevault	TAKEN
dosingbench	AVAIL
palletledger	AVAIL
emberledger	TAKEN
solarindex	TAKEN
cutliststack	AVAIL
embedlane	TAKEN
agentbase	TAKEN
dosingport	AVAIL
customsmesh	AVAIL
manifestguard	TAKEN
remitcompass	TAKEN
consentbase	TAKEN
invoicedesk	TAKEN
filingdeck	AVAIL
metricdock	TAKEN
runtimelane	AVAIL
pipelinelog	TAKEN
incidentscope	TAKEN
paymentroom	TAKEN
brolldesk	AVAIL
agentengine	TAKEN
proofanchor	TAKEN
warehouselane	AVAIL
telemetrygate	AVAIL
triagepanel	AVAIL
corpusboard	AVAIL
referralgate	TAKEN
tenantguard	TAKEN
badgefabric	AVAIL
referralworks	TAKEN
datasetcore	TAKEN
manifestsuite	AVAIL
redactengine	TAKEN
attestbase	TAKEN
montageguard	AVAIL
cobotdocket	AVAIL
mandatestack	TAKEN
customslens	TAKEN
patientscope	TAKEN
evalbeacon	TAKEN
brollfolio	AVAIL
stagingwatch	AVAIL
buildport	TAKEN
cargodock	TAKEN
badgeboard	TAKEN
treasurytrail	TAKEN
accessroom	TAKEN
ladingbase	AVAIL
weightskernel	AVAIL
charterbridge	TAKEN
recordfolio	TAKEN
payfabric	TAKEN
montagelane	TAKEN
patientengine	TAKEN
signalfabric	TAKEN
depotlayer	AVAIL
billingworks	TAKEN
montagedepot	AVAIL
threatsuite	TAKEN
attestdocket	AVAIL
ladingport	AVAIL
telemetrylog	TAKEN
auditboard	TAKEN
manifestpath	TAKEN
tenantlens	TAKEN
artifactdeck	TAKEN
pipelinetrail	TAKEN
wattlayer	TAKEN
assurancelens	TAKEN
badgesignal	TAKEN
stagingkernel	AVAIL
accessrail	TAKEN
autonomyworks	TAKEN
revenuebench	TAKEN
cohortdesk	TAKEN
intakemesh	TAKEN
intakemap	TAKEN
tracedesk	TAKEN
auditsuite	TAKEN
secretlayer	TAKEN
fleetcompass	TAKEN
wattbridge	TAKEN
sessionpath	TAKEN
captionengine	TAKEN
signaldocket	TAKEN
buildbase	TAKEN
emberfabric	TAKEN
filingpanel	AVAIL
trustdocket	TAKEN
paymentdock	TAKEN
cargotrail	TAKEN
runtimethread	AVAIL
cobotlayer	TAKEN
recordvault	TAKEN
deploypath	TAKEN
wattengine	TAKEN
autonomypath	AVAIL
payermap	TAKEN
charterport	TAKEN
remitgrid	TAKEN
inferenceroom	TAKEN
secretgrid	TAKEN
buildfolio	TAKEN
claimsguard	TAKEN
statutekernel	AVAIL
releasedock	TAKEN
datasetbridge	AVAIL
redactcore	TAKEN
charterkernel	AVAIL
palletdepot	TAKEN
palletbeacon	TAKEN
lineagewatch	AVAIL
attestvault	TAKEN
brollcompass	AVAIL
stagingstack	TAKEN
thermalgrid	TAKEN
stagingledger	AVAIL
modelstack	TAKEN
telemetrycore	TAKEN
exposuredock	AVAIL
thermalfolio	AVAIL
emissionpath	AVAIL
payerdesk	TAKEN
schemadock	TAKEN
posturewatch	TAKEN
rolloutloop	AVAIL
sessionfabric	TAKEN
payfolio	TAKEN
tensorbeacon	TAKEN
referralroom	TAKEN
payerthread	AVAIL
brollworks	AVAIL
evidencescope	TAKEN
warehousebase	TAKEN
clinicgrid	TAKEN
lineagemesh	TAKEN
packagefolio	AVAIL
vectoryard	TAKEN
lineagefolio	AVAIL
lineagefabric	TAKEN
retentionlane	AVAIL
cargobase	TAKEN
weightsdocket	AVAIL
registryworks	TAKEN
paythread	TAKEN
attestgrid	TAKEN
ladingstack	AVAIL
settlebridge	TAKEN
binarydesk	TAKEN
artifactbench	AVAIL
binarybeacon	TAKEN
threatlayer	TAKEN
paymentgrid	TAKEN
emberbench	TAKEN
secretfolio	TAKEN
trustsignal	TAKEN
artifactlog	AVAIL
keylayer	TAKEN
inferencemesh	TAKEN
datasetfabric	TAKEN
policyfabric	TAKEN
secretloop	TAKEN
captionfabric	AVAIL
weightsfolio	AVAIL
cobotindex	AVAIL
evidenceindex	TAKEN
depotscope	TAKEN
keystack	TAKEN
depotanchor	AVAIL
attestlane	TAKEN
auditscope	TAKEN
reasoninglog	TAKEN
catalogworks	TAKEN
registryboard	AVAIL
tracebench	TAKEN
intakevault	TAKEN
embermap	TAKEN
cobotkernel	AVAIL
depotmesh	AVAIL
dosingroom	AVAIL
buildvault	TAKEN
keybench	TAKEN
chartdepot	TAKEN
depotworks	TAKEN
patchlens	TAKEN
recordfabric	AVAIL
corpuskernel	AVAIL
dosingthread	AVAIL
thermalanchor	AVAIL
paywatch	TAKEN
payloadbeacon	AVAIL
filinglog	AVAIL
ladingpanel	AVAIL
patientgate	TAKEN
depotframe	AVAIL
intakeroom	TAKEN
reconcilerail	AVAIL
releaseanchor	TAKEN
palletguard	TAKEN
policydesk	TAKEN
intakebase	TAKEN
payregister	TAKEN
badgecompass	AVAIL
binarycompass	TAKEN
clauseroom	TAKEN
tracebeacon	TAKEN
brollgrid	AVAIL
dosingatlas	AVAIL
escrowdepot	TAKEN
passportpath	TAKEN
wattvault	TAKEN
shopfloorlens	AVAIL
cargoboard	TAKEN
montagecore	AVAIL
stagingdeck	TAKEN
carbonpath	TAKEN
binarykernel	TAKEN
consentlayer	TAKEN
schemapath	TAKEN
vectorstack	TAKEN
schemacompass	TAKEN
triagefabric	AVAIL
catalogengine	TAKEN
stagingroom	TAKEN
filinganchor	TAKEN
schemabase	TAKEN
mandatewatch	TAKEN
weightsdock	AVAIL
actuatorlane	AVAIL
solarbase	TAKEN
agentforge	TAKEN
registrypanel	TAKEN
threatdocket	AVAIL
tensormesh	TAKEN
charterbench	AVAIL
cutlistcore	AVAIL
cargothread	TAKEN
mandatemap	TAKEN
lineageforge	TAKEN
evidencelane	TAKEN
packagedock	TAKEN
keytrail	TAKEN
trustmap	TAKEN
agentscope	TAKEN
brollkernel	AVAIL
posturecore	TAKEN
signaldesk	TAKEN
lineageatlas	TAKEN
traceroom	TAKEN
trustyard	TAKEN
charterforge	TAKEN
payoutboard	AVAIL
guardrailyard	AVAIL
wattdepot	TAKEN
intakerail	TAKEN
paylog	TAKEN
fleetsignal	TAKEN
routeloop	TAKEN
settlepath	TAKEN
exposuregrid	TAKEN
covenantcore	TAKEN
brollscope	AVAIL
payworks	TAKEN
triagescope	TAKEN
columnpath	AVAIL
referraldock	TAKEN
exposuredesk	TAKEN
releasedocket	AVAIL
privacyframe	TAKEN
turbineroom	TAKEN
mandatelens	TAKEN
turbineguard	TAKEN
remitwatch	TAKEN
registrydepot	TAKEN
riskport	TAKEN
deploydepot	TAKEN
identitytrail	TAKEN
vendorpath	TAKEN
metricpanel	TAKEN
secretlane	TAKEN
tracethread	TAKEN
evidencelayer	TAKEN
auditmap	TAKEN
escrowdesk	TAKEN
clearingbase	TAKEN
clinicpanel	TAKEN
escrowlens	TAKEN
intakelens	TAKEN
statuteboard	AVAIL
paybench	TAKEN
brollstack	AVAIL
clearingbench	AVAIL
dosingyard	AVAIL
threatdock	TAKEN
sessionguard	TAKEN
riskfabric	TAKEN
erasureyard	AVAIL
recordcore	TAKEN
breachanchor	TAKEN
contextbase	TAKEN
passportworks	TAKEN
badgelane	TAKEN
carbonroom	TAKEN
weightsgrid	AVAIL
policyscope	TAKEN
passportindex	TAKEN
billingpanel	TAKEN
exposurecore	TAKEN
emissionbench	AVAIL
subjectmesh	AVAIL
erasureguard	AVAIL
trustrail	TAKEN
traceloop	TAKEN
cataloglens	TAKEN
tenantmesh	TAKEN
tensorcompass	AVAIL
packagelayer	AVAIL
kinematicgrid	AVAIL
patchworks	TAKEN
datasetframe	AVAIL
invoicelens	TAKEN
clinicboard	TAKEN
haulagelog	TAKEN
fleetyard	TAKEN
tokendepot	TAKEN
pipelineroom	TAKEN
payoutrail	TAKEN
clauseguard	TAKEN
tokensignal	TAKEN
packagelog	TAKEN
revenuebeacon	TAKEN
thermalscope	TAKEN
mandateledger	TAKEN
artifactguard	TAKEN
secretbench	TAKEN
commitvault	TAKEN
lineagevault	TAKEN
embedworks	TAKEN
paymap	TAKEN
trustcompass	TAKEN
tokenforge	TAKEN
subjectgate	AVAIL
manifestdeck	TAKEN
cobotfolio	AVAIL
fleetgate	TAKEN
deploysignal	TAKEN
captiondock	TAKEN
accesslane	TAKEN
agentport	TAKEN
tenantkernel	AVAIL
patchcore	TAKEN
freightdocket	TAKEN
fleetpanel	TAKEN
clausegrid	TAKEN
auditroom	TAKEN
palletboard	TAKEN
trustdepot	TAKEN
cutlistroom	AVAIL
auditsignal	TAKEN
exposurelane	AVAIL
guardrailmap	AVAIL
posturelens	TAKEN
captionmesh	AVAIL
cargodeck	TAKEN
evidencemesh	TAKEN
vendoryard	TAKEN
releasebridge	TAKEN
turbineindex	TAKEN
columnboard	TAKEN
controlstack	TAKEN
tenantframe	AVAIL
emberindex	TAKEN
stagingsignal	AVAIL
privacyledger	TAKEN
billingport	TAKEN
signalguard	TAKEN
clearinglens	TAKEN
claimsboard	TAKEN
cargoindex	TAKEN
depotbase	TAKEN
badgelens	AVAIL
subjectpanel	AVAIL
consentdesk	TAKEN
filingframe	TAKEN
runtimebridge	TAKEN
posturedock	TAKEN
contextrail	TAKEN
controlguard	TAKEN
metricdepot	TAKEN
reasoningpath	TAKEN
stagingport	TAKEN
treasuryboard	TAKEN
captionyard	AVAIL
promptmap	TAKEN
metricledger	TAKEN
evidencedeck	TAKEN
buildcompass	TAKEN
deployrail	TAKEN
buildsignal	TAKEN
lineageroom	AVAIL
runtimekernel	TAKEN
claimsframe	AVAIL
emissionsuite	TAKEN
buildwatch	TAKEN
rolloutguard	AVAIL
promptsuite	TAKEN
sessionanchor	AVAIL
payeranchor	AVAIL
embedgrid	TAKEN
incidentloop	TAKEN
buildscope	TAKEN
brollguard	AVAIL
covenantworks	TAKEN
mandateport	AVAIL
referraldesk	TAKEN
ladingtrail	AVAIL
modelbridge	TAKEN
columnframe	TAKEN
threatfolio	TAKEN
manifestindex	TAKEN
intakepath	TAKEN
lineagerail	TAKEN
customsboard	AVAIL
sessionyard	TAKEN
carbonboard	TAKEN
clauselog	TAKEN
sessiontrail	TAKEN
captionframe	TAKEN
badgewatch	TAKEN
binarybridge	TAKEN
escrowlayer	TAKEN
agentlane	TAKEN
posturefabric	AVAIL
actuatortrail	AVAIL
tensoryard	TAKEN
exposurewatch	TAKEN
evalatlas	TAKEN
datasetengine	TAKEN
redactpanel	AVAIL
erasurekernel	AVAIL
auditbench	TAKEN
solarvault	TAKEN
dosinglens	AVAIL
charterledger	TAKEN
attestbridge	TAKEN
turbinelog	TAKEN
patchsignal	TAKEN
stagingpath	TAKEN
sessionsuite	TAKEN
escrowroom	TAKEN
tokenpath	TAKEN
complygate	TAKEN
cobotlens	AVAIL
cliniclens	TAKEN
haulageport	AVAIL
payloadanchor	AVAIL
renewabledeck	AVAIL
ladinglog	AVAIL
triageloop	TAKEN
statutefolio	AVAIL
routebench	TAKEN
weightspath	AVAIL
treasuryindex	TAKEN
agentframe	TAKEN
packagefabric	TAKEN
warehouseyard	AVAIL
runtimeguard	TAKEN
recordboard	TAKEN
tokenengine	TAKEN
escrowbase	TAKEN
metricbase	TAKEN
passportlog	TAKEN
renderledger	TAKEN
buildboard	TAKEN
passportrail	AVAIL
cargofabric	TAKEN
weightsbase	AVAIL
accesswatch	TAKEN
subjectledger	AVAIL
tracebase	TAKEN
carboncompass	TAKEN
revenueanchor	TAKEN
customsdeck	AVAIL
ledgergate	TAKEN
cargoloop	TAKEN
incidentroom	TAKEN
charterbase	TAKEN
stagingtrail	AVAIL
tokenlog	TAKEN
binarybench	TAKEN
settledepot	AVAIL
brollsuite	AVAIL
haulagekernel	AVAIL
breachdocket	TAKEN
binarytrail	TAKEN
controlbridge	TAKEN
proofbase	TAKEN
privacydocket	TAKEN
claimsworks	TAKEN
routebase	TAKEN
tracevault	TAKEN
palletgrid	TAKEN
trustpanel	TAKEN
riskdepot	TAKEN
captionvault	TAKEN
riskpath	TAKEN
embedindex	AVAIL
incidentpath	TAKEN
promptdepot	TAKEN
haulagedesk	AVAIL
auditdeck	TAKEN
registrylane	TAKEN
chartloop	TAKEN
remitsuite	AVAIL
metricmap	TAKEN
fleetstack	TAKEN
privacylane	TAKEN
tensorfolio	AVAIL
turbinegrid	TAKEN
runtimeyard	AVAIL
routepanel	TAKEN
releaselayer	TAKEN
treasurysuite	TAKEN
claimsgrid	TAKEN
clinicbridge	TAKEN
retentiondock	AVAIL
ladingdesk	TAKEN
intakebench	AVAIL
charterwatch	TAKEN
packagevault	TAKEN
triagedepot	AVAIL
weightsfabric	TAKEN
dosingcompass	AVAIL
sessionlayer	TAKEN
covenantsuite	TAKEN
payeryard	AVAIL
packagelens	TAKEN
solarsignal	TAKEN
palletbench	TAKEN
contextbeacon	TAKEN
payerbase	TAKEN
consentroom	AVAIL
triagerail	AVAIL
columngrid	TAKEN
controlworks	TAKEN
embedframe	TAKEN
reasoningdeck	AVAIL
recordloop	TAKEN
clearingdesk	TAKEN
escrowpath	TAKEN
erasurebeacon	AVAIL
referralindex	TAKEN
invoiceatlas	TAKEN
palletkernel	AVAIL
cargocompass	TAKEN
shipmentworks	TAKEN
metricforge	TAKEN
badgeatlas	AVAIL
embedbase	TAKEN
payloadfolio	AVAIL
controlboard	TAKEN
disclosurelog	AVAIL
charterindex	TAKEN
releasegate	TAKEN
metricworks	TAKEN
invoiceforge	TAKEN
incidentdesk	TAKEN
recordlayer	TAKEN
paytrail	TAKEN
billingboard	TAKEN
datasetdeck	AVAIL
payloadtrail	AVAIL
agentworks	TAKEN
binaryatlas	TAKEN
tracelog	TAKEN
patientboard	TAKEN
schemamesh	TAKEN
settleloop	TAKEN
paysignal	TAKEN
solarlane	TAKEN
complylens	TAKEN
patientlayer	TAKEN
riskgate	TAKEN
covenantscope	TAKEN
trustlayer	TAKEN
tokenyard	TAKEN
sessiondocket	AVAIL
montagelayer	AVAIL
cutlistdeck	AVAIL
palletdeck	TAKEN
payloadatlas	AVAIL
riskforge	TAKEN
stagingthread	AVAIL
trustcore	TAKEN
sessionkernel	AVAIL
consentledger	TAKEN
riskbase	TAKEN
routeindex	TAKEN
palletpath	TAKEN
proofsignal	TAKEN
identityrail	TAKEN
packageanchor	TAKEN
payerbeacon	TAKEN
formularyloop	AVAIL
mandatefabric	TAKEN
accessmesh	TAKEN
kinematicpath	AVAIL
carbonrail	TAKEN
billinglog	TAKEN
erasurefabric	AVAIL
chartworks	TAKEN
invoiceroom	TAKEN
rolloutfabric	AVAIL
incidentdock	TAKEN
embedanchor	TAKEN
intakescope	TAKEN
payerbench	TAKEN
passportmap	TAKEN
tenantdocket	AVAIL
cobotguard	TAKEN
datasetmesh	AVAIL
cutlistgrid	AVAIL
reasoninglens	TAKEN
erasurebench	TAKEN
ledgeratlas	TAKEN
guardrailgate	AVAIL
badgecore	TAKEN
cutlistscope	AVAIL
routeguard	TAKEN
routeroom	TAKEN
dosingsignal	AVAIL
passportguard	TAKEN
cohortport	AVAIL
filingyard	TAKEN
proofrail	TAKEN
patchdocket	AVAIL
agentgrid	TAKEN
evidencesuite	TAKEN
intakeforge	TAKEN
palletmap	TAKEN
attestgate	TAKEN
rolloutgrid	AVAIL
filingmesh	TAKEN
billingatlas	TAKEN
payerfabric	AVAIL
covenantport	AVAIL
emberanchor	TAKEN
tensorthread	TAKEN
lineagekernel	AVAIL
settledesk	TAKEN
patientwatch	TAKEN
proofsuite	TAKEN
vendorkernel	AVAIL
trustworks	TAKEN
remitbase	TAKEN
passportscope	TAKEN
covenantindex	AVAIL
turbineyard	AVAIL
controldesk	TAKEN
filingthread	TAKEN
passportbench	AVAIL
identitygate	TAKEN
cutlistledger	AVAIL
subjectgrid	AVAIL
badgebase	TAKEN
signalworks	TAKEN
cohortlens	AVAIL
lineagetrail	TAKEN
remitstack	TAKEN
columnkernel	AVAIL
promptdocket	TAKEN
vendorindex	TAKEN
inferencebase	TAKEN
patchlog	TAKEN
intakeguard	TAKEN
exposuregate	AVAIL
corpuspanel	AVAIL
complylayer	TAKEN
depotsuite	TAKEN
telemetryroom	TAKEN
actuatorbench	TAKEN
rolloutworks	TAKEN
manifestmesh	TAKEN
embedport	TAKEN
attestpath	TAKEN
emberpath	TAKEN
actuatordeck	AVAIL
intakegate	TAKEN
proofpanel	TAKEN
pipelinepath	TAKEN
riskfolio	TAKEN
mandateyard	AVAIL
keysuite	TAKEN
fleetsuite	TAKEN
pipelinepanel	AVAIL
depotledger	TAKEN
registryatlas	TAKEN
columnbench	AVAIL
billingfabric	AVAIL
autonomytrail	AVAIL
routecompass	TAKEN
commitanchor	AVAIL
complybeacon	TAKEN
escrowanchor	AVAIL
dosingworks	TAKEN
consentscope	TAKEN
referralguard	TAKEN
sessiondeck	TAKEN
badgeguard	TAKEN
auditwatch	TAKEN
policybridge	TAKEN
accessdepot	TAKEN
patchforge	TAKEN
vendorbench	TAKEN
triagepath	TAKEN
secretcompass	TAKEN
emissionscope	TAKEN
patchbase	TAKEN
shipmentloop	AVAIL
wattlens	TAKEN
customslog	AVAIL
packagetrail	AVAIL
tokenboard	TAKEN
filingdock	TAKEN
cutlistfabric	AVAIL
charterlog	TAKEN
billingwatch	TAKEN
solarworks	TAKEN
shopfloorpath	AVAIL
runtimeframe	TAKEN
brolldepot	AVAIL
trustguard	TAKEN
columnpanel	AVAIL
paymentloop	TAKEN
tenantstack	TAKEN
assurancegate	TAKEN
clearinglog	AVAIL
pipelinemap	TAKEN
thermalboard	TAKEN
cobotsignal	AVAIL
accessthread	TAKEN
columnmap	TAKEN
modelscope	TAKEN
auditatlas	TAKEN
brollfabric	AVAIL
payloadsignal	AVAIL
privacypath	TAKEN
dosingmesh	AVAIL
emissionfolio	AVAIL
captiongate	TAKEN
remitindex	TAKEN
vendorfabric	AVAIL
warehousegrid	TAKEN
catalogfolio	TAKEN
evidencedepot	TAKEN
manifestlog	AVAIL
promptroom	TAKEN
ledgerframe	TAKEN
turbineworks	TAKEN
weightsvault	TAKEN
evaldocket	AVAIL
threatframe	TAKEN
redactmap	TAKEN
keyanchor	TAKEN
clinictrail	TAKEN
contextdocket	AVAIL
cobotpath	AVAIL
tenantyard	AVAIL
contextguard	TAKEN
depotfabric	AVAIL
cohortcore	TAKEN
patientport	TAKEN
palletcompass	AVAIL
signalthread	TAKEN
threatwatch	TAKEN
vendordock	TAKEN
actuatorlayer	AVAIL
thermalbeacon	TAKEN
vendorlane	TAKEN
retentioncore	TAKEN
emberdepot	AVAIL
depotroom	TAKEN
renewablerail	AVAIL
columndesk	TAKEN
promptlayer	TAKEN
identityguard	TAKEN
cohortledger	TAKEN
releaseboard	TAKEN
fleetport	TAKEN
datasetyard	TAKEN
patchgate	TAKEN
claimsrail	AVAIL
embedforge	TAKEN
payloadkernel	AVAIL
privacyloop	TAKEN
erasureatlas	AVAIL
evalworks	TAKEN
evalboard	TAKEN
columnyard	AVAIL
complyvault	TAKEN
ledgerscope	TAKEN
corpusdepot	AVAIL
tracepath	TAKEN
freightfabric	TAKEN
datasetlayer	TAKEN
weightsengine	TAKEN
montageroom	TAKEN
proofbridge	TAKEN
embedmesh	TAKEN
exposureframe	TAKEN
dosingwatch	AVAIL
wattregister	AVAIL
cutlistsuite	AVAIL
promptgate	TAKEN
reconciledock	AVAIL
tokenroom	TAKEN
guardraildeck	AVAIL
schemamap	TAKEN
embedbridge	TAKEN
captioncore	TAKEN
shipmentlayer	AVAIL
reasoningrail	AVAIL
reconciledeck	AVAIL
revenueroom	TAKEN
formularybase	AVAIL
breachscope	TAKEN
reconcilelane	AVAIL
formularymap	AVAIL
billingframe	AVAIL
metriclane	TAKEN
rolloutsignal	TAKEN
catalogport	TAKEN
statutedepot	AVAIL
mandatebridge	TAKEN
tokenbase	TAKEN
paymentdesk	TAKEN
identitycore	TAKEN
deployframe	TAKEN
tokenindex	TAKEN
artifactmesh	TAKEN
intakeledger	TAKEN
claimsledger	TAKEN
revenuebase	TAKEN
weightsrail	AVAIL
artifactlayer	TAKEN
escrowguard	TAKEN
exposurepath	AVAIL
packagepanel	AVAIL
schemaforge	TAKEN
settlebase	TAKEN
keyregister	TAKEN
wattmesh	TAKEN
chartyard	TAKEN
promptframe	TAKEN
treasurybase	TAKEN
promptrail	TAKEN
emissionmesh	AVAIL
emberyard	TAKEN
cohortvault	TAKEN
commitroom	TAKEN
warehousemap	TAKEN
autonomybase	TAKEN
tokendock	TAKEN
billinglens	TAKEN
renewablecore	TAKEN
trustgrid	TAKEN
weightsgate	AVAIL
settleguard	TAKEN
modelbase	TAKEN
tenantengine	TAKEN
mandateguard	AVAIL
patchtrail	TAKEN
escrowlog	AVAIL
payloadmesh	AVAIL
ledgerdepot	TAKEN
dosingforge	AVAIL
runtimeatlas	TAKEN
proofbeacon	TAKEN
filingfabric	TAKEN
columnindex	AVAIL
sessiondepot	AVAIL
riskgrid	TAKEN
paymentlayer	TAKEN
weightsdeck	AVAIL
embersuite	TAKEN
metricroom	TAKEN
badgefolio	TAKEN
embedstack	TAKEN
incidentsuite	AVAIL
artifactforge	TAKEN
manifestlayer	TAKEN
settlekernel	AVAIL
controldocket	AVAIL
buildframe	TAKEN
corpusgate	AVAIL
breachboard	TAKEN
reconcileloop	AVAIL
metricdocket	AVAIL
metricmesh	TAKEN
triageboard	TAKEN
metricstack	TAKEN
sessionframe	TAKEN
payloadforge	TAKEN
turbinesuite	AVAIL
fleetledger	TAKEN
embedsignal	TAKEN
cargoanchor	TAKEN
redactatlas	AVAIL
chartercore	TAKEN
renderworks	TAKEN
subjectdock	AVAIL
intakedeck	TAKEN
tokenloop	TAKEN
escrowtrail	AVAIL
autonomyscope	AVAIL
renewablelog	AVAIL
paymentmesh	TAKEN
accessdesk	TAKEN
emberkernel	AVAIL
solarcore	TAKEN
tenantmap	TAKEN
depotpanel	TAKEN
freightstack	TAKEN
catalogyard	TAKEN
controlthread	TAKEN
remitengine	TAKEN
posturelayer	AVAIL
treasuryforge	TAKEN
promptlog	TAKEN
tenantvault	TAKEN
ladingcore	AVAIL
patientworks	TAKEN
policyguard	TAKEN
filingindex	TAKEN
autonomybench	TAKEN
stagingmesh	AVAIL
remitlayer	TAKEN
solardock	TAKEN
registryvault	TAKEN
captionworks	TAKEN
postureport	AVAIL
wattwatch	TAKEN
freightmesh	TAKEN
secretpanel	TAKEN
buildledger	TAKEN
recordpanel	TAKEN
passportwatch	TAKEN
patchpath	TAKEN
customsbeacon	AVAIL
accessatlas	TAKEN
emberbase	TAKEN
patchfabric	TAKEN
actuatorsuite	AVAIL
evidencelog	TAKEN
payoutdesk	TAKEN
freightwatch	TAKEN
carbonbase	TAKEN
payloadengine	TAKEN
auditdocket	AVAIL
complyfabric	AVAIL
renderpanel	AVAIL
wattgate	TAKEN
passportvault	TAKEN
registrytrail	AVAIL
modelrail	TAKEN
haulagetrail	AVAIL
cohortpanel	TAKEN
mandatedeck	AVAIL
corpusgrid	TAKEN
runtimescope	TAKEN
secretscope	TAKEN
chartlog	TAKEN
billingbeacon	TAKEN
secretworks	TAKEN
emissionlane	AVAIL
tensorlog	TAKEN
telemetrymap	AVAIL
corpusdock	AVAIL
invoicedeck	TAKEN
brollcore	AVAIL
statutelog	TAKEN
settledock	TAKEN
patchstack	TAKEN
actuatorguard	AVAIL
patientdock	TAKEN
embervault	TAKEN
invoiceyard	TAKEN
customsvault	TAKEN
schemayard	AVAIL
thermalsuite	TAKEN
vectordeck	TAKEN
incidentgrid	TAKEN
captionwatch	TAKEN
evidencepath	TAKEN
ledgerbeacon	TAKEN
cargoworks	TAKEN
customsframe	AVAIL
payoutmap	TAKEN
renderguard	TAKEN
fleetengine	TAKEN
palletlog	TAKEN
complydepot	TAKEN
telemetryloop	TAKEN
binaryboard	TAKEN
runtimeledger	TAKEN
embedledger	TAKEN
exposureport	AVAIL
evalmesh	TAKEN
riskdesk	TAKEN
auditforge	TAKEN
statutescope	AVAIL
referralwatch	TAKEN
filinglane	TAKEN
haulagefolio	AVAIL
releasestack	TAKEN
modelroom	TAKEN
sessionsignal	TAKEN
paymentforge	TAKEN
wattrail	TAKEN
customsindex	AVAIL
depotlane	TAKEN
routeworks	TAKEN
lineagedocket	AVAIL
consentengine	TAKEN
columnscope	AVAIL
freightscope	TAKEN
freightmap	TAKEN
recordmap	TAKEN
catalogroom	TAKEN
routewatch	TAKEN
sessionrail	TAKEN
palletgate	TAKEN
privacylog	TAKEN
montagefabric	AVAIL
threatfabric	TAKEN
posturemesh	AVAIL
cobotdeck	AVAIL
badgeframe	TAKEN
payloadgate	AVAIL
formularydeck	AVAIL
accessfabric	TAKEN
complythread	AVAIL
patchfolio	TAKEN
rolloutscope	AVAIL
accessindex	TAKEN
privacystack	TAKEN
commitledger	TAKEN
columnroom	AVAIL
referraldepot	TAKEN
contextsignal	TAKEN
routestack	TAKEN
accesskernel	TAKEN
ladingdeck	AVAIL
contextdock	TAKEN
rolloutfolio	AVAIL
ladingkernel	AVAIL
guardraildesk	AVAIL
metriclayer	TAKEN
proofmap	TAKEN
buildanchor	TAKEN
clearingdeck	AVAIL
privacydepot	TAKEN
paylayer	TAKEN
haulagesignal	AVAIL
signalanchor	TAKEN
assurancemesh	AVAIL
emissionlog	AVAIL
paymentfabric	TAKEN
customsrail	AVAIL
catalogpanel	TAKEN
tensorlens	TAKEN
runtimedepot	TAKEN
telemetryrail	AVAIL
guardrailbase	TAKEN
stagingmap	AVAIL
paymentlens	TAKEN
renderlog	TAKEN
runtimestack	TAKEN
riskloop	TAKEN
auditlane	TAKEN
columngate	TAKEN
carbonlens	TAKEN
datasetmap	AVAIL
patchlayer	TAKEN
rolloutforge	AVAIL
remitlens	TAKEN
rolloutboard	AVAIL
revenueframe	TAKEN
clausesignal	TAKEN
trustport	TAKEN
patientforge	TAKEN
releasedepot	TAKEN
intakedepot	TAKEN
charterloop	TAKEN
renderfolio	TAKEN
clausemesh	TAKEN
tenantrail	AVAIL
corpusengine	TAKEN
agentsignal	TAKEN
proofworks	TAKEN
filingdepot	AVAIL
trustgate	TAKEN
consentpath	TAKEN
renderdepot	TAKEN
packageport	TAKEN
deploybridge	TAKEN
schemacore	TAKEN
deploybeacon	TAKEN
riskboard	TAKEN
buildstack	TAKEN
binaryvault	TAKEN
cargocore	TAKEN
cobotstack	TAKEN
policystack	TAKEN
statutebase	TAKEN
filingcore	TAKEN
deploymap	TAKEN
clinicframe	TAKEN
buildengine	TAKEN
redactwatch	AVAIL
statuterail	AVAIL
remitregister	AVAIL
pipelineindex	AVAIL
accessframe	TAKEN
datasetboard	AVAIL
warehousedesk	TAKEN
patientpanel	TAKEN
routedeck	TAKEN
filingcompass	TAKEN
statuteframe	AVAIL
tokenguard	TAKEN
chartlayer	TAKEN
vendoratlas	TAKEN
escrowledger	TAKEN
routedesk	TAKEN
renderboard	TAKEN
routeyard	TAKEN
charterfabric	AVAIL
renewablebase	TAKEN
rendermap	TAKEN
evalsignal	TAKEN
registrygrid	TAKEN
covenantdeck	AVAIL
claimskernel	AVAIL
corpuslog	AVAIL
artifactcore	TAKEN
complylane	TAKEN
wattloop	TAKEN
settlevault	TAKEN
claimsdepot	TAKEN
autonomydock	AVAIL
agentcompass	TAKEN
freightgate	TAKEN
cargokernel	AVAIL
embedvault	TAKEN
claimslane	AVAIL
emberdeck	TAKEN
buildcore	TAKEN
postureloop	TAKEN
emberport	TAKEN
fleetmesh	TAKEN
stagingsuite	TAKEN
claimsvault	TAKEN
controlatlas	TAKEN
modeldesk	TAKEN
tenantanchor	TAKEN
actuatorindex	TAKEN
modelengine	TAKEN
passportlayer	TAKEN
fleetdocket	TAKEN
claimstrail	AVAIL
solarkernel	AVAIL
redactpath	AVAIL
shipmentatlas	AVAIL
payoutguard	TAKEN
wattguard	TAKEN
modeldeck	TAKEN
passportboard	AVAIL
modelbench	TAKEN
payloadbase	AVAIL
privacybench	TAKEN
metricloop	TAKEN
keyframe	TAKEN
cutlistlog	AVAIL
triagemap	TAKEN
contextpath	TAKEN
payengine	TAKEN
vectorbase	TAKEN
ledgerloop	TAKEN
redactrail	AVAIL
triagedocket	AVAIL
depotyard	TAKEN
vendorlens	TAKEN
wattsuite	TAKEN
columnlane	AVAIL
renderthread	TAKEN
erasuredepot	AVAIL
billingforge	TAKEN
charterdocket	AVAIL
shipmentindex	AVAIL
evalstack	TAKEN
staginglayer	TAKEN
auditframe	TAKEN
statuteguard	TAKEN
binarygate	TAKEN
tenantdepot	TAKEN
clausecore	TAKEN
tracescope	TAKEN
weightslens	AVAIL
auditpath	TAKEN
embedscope	TAKEN
columnthread	AVAIL
erasureframe	AVAIL
patientanchor	TAKEN
cargosignal	TAKEN
clearingsuite	AVAIL
rolloutpath	AVAIL
solarscope	TAKEN
vendorbeacon	TAKEN
montageledger	AVAIL
evidencedesk	TAKEN
registrybench	AVAIL
turbinedeck	TAKEN
tensorframe	TAKEN
haulageyard	AVAIL
cargorail	TAKEN
postureframe	AVAIL
tenantlane	TAKEN
secretgate	TAKEN
vectoratlas	TAKEN
rolloutport	AVAIL
emberscope	TAKEN
remitdeck	AVAIL
dosingpath	AVAIL
catalogdepot	TAKEN
datasetledger	AVAIL
mandateframe	TAKEN
fleetbridge	TAKEN
vectordocket	AVAIL
stagingfabric	TAKEN
datasetatlas	AVAIL
carbonforge	TAKEN
posturescope	AVAIL
emberdock	TAKEN
charterguard	TAKEN
riskbench	TAKEN
tokendocket	TAKEN
contextscope	TAKEN
redactguard	TAKEN
pipelineguard	TAKEN
agentcore	TAKEN
exposurelayer	AVAIL
triagedeck	TAKEN
consentdepot	AVAIL
depotpath	TAKEN
consentsuite	TAKEN
fleetboard	TAKEN
postureindex	TAKEN
escrowboard	TAKEN
tokenbench	TAKEN
cutlistvault	AVAIL
kinematicloop	AVAIL
privacyworks	TAKEN
exposuredepot	AVAIL
settleworks	TAKEN
releasebeacon	TAKEN
signalboard	TAKEN
patientloop	TAKEN
redactbase	AVAIL
cutlistatlas	AVAIL
montagefolio	AVAIL
incidentstack	TAKEN
proofbench	TAKEN
vendordocket	TAKEN
tokenfolio	TAKEN
signalgate	TAKEN
stagingengine	AVAIL
modelindex	TAKEN
privacydeck	TAKEN
revenuescope	TAKEN
chartmesh	TAKEN
carbonport	TAKEN
truststack	TAKEN
chartdocket	AVAIL
releasemesh	TAKEN
settlescope	TAKEN
palletengine	AVAIL
commitforge	TAKEN
triagelens	AVAIL
clearingloop	AVAIL
payoutgrid	TAKEN
fleetscope	TAKEN
erasureboard	AVAIL
paygrid	TAKEN
filingmap	AVAIL
captionthread	AVAIL
payloadwatch	AVAIL
tokenstack	TAKEN
subjectlens	AVAIL
solarforge	TAKEN
wattfolio	TAKEN
chartlens	TAKEN
statutelens	AVAIL
columnfabric	AVAIL
patientsuite	TAKEN
ledgeryard	TAKEN
referraltrail	TAKEN
payerlane	TAKEN
packagesignal	TAKEN
escrowloop	TAKEN
complybridge	TAKEN
routerail	TAKEN
renewablemesh	AVAIL
weightsdepot	AVAIL
intakeatlas	TAKEN
palletlens	AVAIL
emberbridge	TAKEN
subjectfabric	TAKEN
keylens	TAKEN
payanchor	TAKEN
metricscope	TAKEN
catalogbase	TAKEN
patientbridge	TAKEN
fleetbase	TAKEN
statutethread	AVAIL
ledgerforge	TAKEN
datasetbeacon	AVAIL
payloop	TAKEN
breachindex	TAKEN
trustframe	TAKEN
tensordesk	TAKEN
postureanchor	AVAIL
payloadfabric	AVAIL
invoicelayer	TAKEN
renderbase	TAKEN
warehouseport	AVAIL
modelboard	TAKEN
wattyard	TAKEN
patientyard	AVAIL
payrail	TAKEN
captionforge	TAKEN
covenantgrid	TAKEN
clinicdeck	TAKEN
formularyport	AVAIL
cargobeacon	TAKEN
signalmesh	TAKEN
pipelinemesh	TAKEN
accessforge	TAKEN
corpustrail	AVAIL
artifactlens	TAKEN
privacyindex	TAKEN
datasetport	AVAIL
releaseguard	TAKEN
complysuite	TAKEN
shipmentgrid	TAKEN
mandatedepot	AVAIL
tenantloop	TAKEN
claimspath	TAKEN
exposuresuite	TAKEN
policyframe	TAKEN
trustledger	TAKEN
promptscope	TAKEN
datasetanchor	AVAIL
haulagegate	AVAIL
referralmap	TAKEN
paymentcore	TAKEN
payloadyard	AVAIL
exposuredeck	TAKEN
payloadscope	AVAIL
commitcompass	TAKEN
threatroom	TAKEN
ladingmesh	AVAIL
dosingtrail	AVAIL
palletloop	TAKEN
filingscope	TAKEN
shipmentboard	AVAIL
accessport	TAKEN
redactfabric	AVAIL
claimscore	TAKEN
commitmap	TAKEN
passportforge	TAKEN
vectortrail	TAKEN
actuatorpath	AVAIL
turbinelayer	AVAIL
releasewatch	TAKEN
contextcore	TAKEN
captionbench	AVAIL
reasoningcore	TAKEN
clinicport	TAKEN
datasetfolio	AVAIL
cargovault	TAKEN
assurancecore	TAKEN
cobotfabric	AVAIL
weightsframe	AVAIL
privacyrail	TAKEN
evalkernel	AVAIL
revenueboard	TAKEN
paybeacon	TAKEN
exposurelog	TAKEN
modelmesh	TAKEN
posturelane	AVAIL
palletfolio	AVAIL
tensorbridge	TAKEN
thermalvault	TAKEN
payerworks	AVAIL
filingdesk	TAKEN
vendordeck	TAKEN
attestloop	TAKEN
keykernel	TAKEN
actuatorfolio	AVAIL
subjectdepot	AVAIL
recordbeacon	TAKEN
rolloutdock	AVAIL
cohortengine	TAKEN
runtimeloop	TAKEN
redactkernel	AVAIL
charterworks	TAKEN
signalframe	TAKEN
attestwatch	AVAIL
wattatlas	TAKEN
controlroom	TAKEN
rolloutdocket	AVAIL
evidencevault	TAKEN
lineagelens	TAKEN
corpusfabric	TAKEN
recordsuite	TAKEN
artifactstack	TAKEN
turbinemap	AVAIL
triagemesh	AVAIL
catalogbridge	TAKEN
promptgrid	TAKEN
badgebench	TAKEN
erasuredesk	AVAIL
solargate	TAKEN
lineagelane	TAKEN
controlyard	TAKEN
intakepanel	TAKEN
patientdeck	TAKEN
manifestyard	AVAIL
commitdesk	TAKEN
exposurepanel	AVAIL
paymentpanel	TAKEN
haulagethread	AVAIL
invoicepath	TAKEN
payerguard	TAKEN
policyloop	TAKEN
renewableroom	AVAIL
embergate	TAKEN
pipelinestack	TAKEN
escrowframe	AVAIL
cohortdocket	AVAIL
carbongrid	TAKEN
vectordesk	TAKEN
vendorforge	TAKEN
montagebridge	AVAIL
lineageguard	TAKEN
packageroom	TAKEN
ladinglane	AVAIL
breachfolio	TAKEN
deployloop	TAKEN
vectorledger	TAKEN
dosingdocket	AVAIL
escrowfabric	AVAIL
haulagemap	AVAIL
billingrail	TAKEN
badgeport	TAKEN
releasevault	TAKEN
dosingfabric	AVAIL
revenuelane	TAKEN
corpusledger	TAKEN
runtimefolio	AVAIL
customsdocket	AVAIL
tracewatch	TAKEN
mandatecore	TAKEN
vendorstack	TAKEN
palletanchor	TAKEN
chartkernel	AVAIL
customsgate	TAKEN
erasurestack	AVAIL
clinicpath	TAKEN
identityloop	TAKEN
assurancedesk	TAKEN
cohortpath	TAKEN
promptport	TAKEN
referralsuite	TAKEN
vendorengine	TAKEN
signalcore	TAKEN
clearinglayer	TAKEN
payerpanel	TAKEN
manifestpanel	TAKEN
policythread	TAKEN
releasesignal	TAKEN
promptwatch	TAKEN
manifestfolio	AVAIL
modelregister	TAKEN
captionstack	TAKEN
payoutlayer	TAKEN
shopfloorport	AVAIL
settleyard	AVAIL
freightboard	TAKEN
datasetkernel	AVAIL
lineagegrid	TAKEN
riskcompass	TAKEN
complybench	TAKEN
billingkernel	AVAIL
evidencewatch	TAKEN
schemaloop	TAKEN
accessfolio	TAKEN
keygrid	TAKEN
sessionlens	TAKEN
datasetpanel	AVAIL
cargopanel	TAKEN
releaseframe	TAKEN
solargrid	TAKEN
agentlog	TAKEN
embedguard	TAKEN
cobotledger	AVAIL
threatindex	TAKEN
threatsignal	TAKEN
tensorledger	TAKEN
agentatlas	TAKEN
schemabeacon	AVAIL
invoicepanel	TAKEN
corpusdesk	TAKEN
paymentledger	TAKEN
revenuegate	TAKEN
manifestport	AVAIL
trustpath	TAKEN
escrowstack	TAKEN
agentindex	TAKEN
patchgrid	TAKEN
treasurymesh	TAKEN
commitguard	TAKEN
sessionvault	TAKEN
mandategate	TAKEN
cohortfabric	AVAIL
evalmap	TAKEN
thermalindex	TAKEN
paymesh	TAKEN
depotloop	TAKEN
inferencelog	TAKEN
wattforge	TAKEN
retentionyard	AVAIL
clinicstack	TAKEN
schemaguard	TAKEN
mandatepanel	AVAIL
columndepot	AVAIL
contextkernel	TAKEN
montagebeacon	AVAIL
metricguard	TAKEN
statutepath	AVAIL
emberloop	TAKEN
referralcore	TAKEN
tokenrail	TAKEN
customspath	AVAIL
breachcore	TAKEN
commitdocket	AVAIL
vectormap	TAKEN
cobotwatch	TAKEN
riskanchor	TAKEN
tenantscope	TAKEN
cutlistdocket	AVAIL
runtimelayer	TAKEN
deployguard	TAKEN
promptledger	TAKEN
weightsroom	TAKEN
cohortmap	TAKEN
intakeloop	TAKEN
cohortdeck	AVAIL
dosingkernel	AVAIL
referralforge	TAKEN
wattdock	TAKEN
postureatlas	AVAIL
sessionport	TAKEN
proofatlas	TAKEN
filingloop	TAKEN
modelcompass	TAKEN
claimsfabric	TAKEN
cargopath	TAKEN
tokenworks	TAKEN
ledgerlog	TAKEN
clausethread	AVAIL
assurancepath	TAKEN
cutlistkernel	AVAIL
payloadloop	AVAIL
rolloutmap	AVAIL
turbinecore	TAKEN
runtimeforge	TAKEN
modelkernel	TAKEN
renderdocket	AVAIL
chartgate	TAKEN
emberguard	TAKEN
cargoforge	TAKEN
agentyard	TAKEN
evalpanel	AVAIL
identitysuite	TAKEN
payoutframe	AVAIL
lineageyard	AVAIL
payerdock	TAKEN
paymentanchor	AVAIL
rendermesh	TAKEN
columnbeacon	AVAIL
freightworks	TAKEN
contextforge	TAKEN
erasureforge	AVAIL
privacypanel	TAKEN
privacyroom	TAKEN
evalgrid	TAKEN
catalogscope	TAKEN
ledgerdocket	TAKEN
breachworks	TAKEN
depotengine	TAKEN
erasureloop	AVAIL
renderbench	TAKEN
solarthread	TAKEN
clinicforge	TAKEN
depotport	AVAIL
manifestgate	TAKEN
runtimetrail	TAKEN
intakebeacon	TAKEN
covenantforge	TAKEN
columnlens	TAKEN
deploybench	TAKEN
binaryrail	AVAIL
corpusanchor	AVAIL
billingdeck	TAKEN
brollregister	AVAIL
tokenvault	TAKEN
tokenbeacon	TAKEN
complydesk	TAKEN
erasuresignal	AVAIL
emissionvault	TAKEN
dosingbridge	AVAIL
modelfabric	TAKEN
badgegate	TAKEN
clausedocket	AVAIL
carbonledger	TAKEN
accesstrail	TAKEN
actuatorboard	AVAIL
emissionyard	AVAIL
incidentport	TAKEN
commitrail	TAKEN
consentcore	TAKEN
tokenatlas	TAKEN
weightsledger	AVAIL
clinicanchor	TAKEN
mandatebeacon	AVAIL
statuteforge	TAKEN
payoutpath	TAKEN
attestlens	AVAIL
embertrail	TAKEN
ladingcompass	AVAIL
vectordock	TAKEN
autonomyloop	TAKEN
treasurylayer	TAKEN
secretatlas	TAKEN
settleindex	TAKEN
inferencerail	TAKEN
triagebench	TAKEN
recordtrail	TAKEN
renewabledesk	TAKEN
breachlog	TAKEN
formularycore	AVAIL
lineagelayer	TAKEN
weightsdesk	AVAIL
emberdocket	AVAIL
wattdocket	AVAIL
sessionbench	TAKEN
filingbridge	TAKEN
payoutmesh	TAKEN
promptdesk	TAKEN
remitcore	TAKEN
cohortlog	AVAIL
solardesk	TAKEN
sessionloop	TAKEN
recordpath	TAKEN
redactbeacon	AVAIL
solardeck	TAKEN
secretwatch	TAKEN
packagebridge	TAKEN
paymentmap	TAKEN
deploythread	AVAIL
carbonwatch	TAKEN
paymentdepot	TAKEN
invoicerail	TAKEN
mandatetrail	TAKEN
accessbeacon	TAKEN
billingthread	AVAIL
shipmentguard	TAKEN
threatpath	TAKEN
evalthread	AVAIL
clausedesk	TAKEN
kinematicgate	AVAIL
auditengine	TAKEN
reasoningdesk	TAKEN
dosinglayer	AVAIL
signalbeacon	TAKEN
paymentwatch	TAKEN
manifestmap	TAKEN
covenantdock	AVAIL
tenantbase	TAKEN
identitydeck	TAKEN
recordkernel	AVAIL
catalogsuite	TAKEN
columnlayer	AVAIL
identitylog	TAKEN
billingledger	TAKEN
dosingindex	AVAIL
privacyfolio	TAKEN
runtimelens	TAKEN
turbineledger	AVAIL
statutegate	AVAIL
triagedock	TAKEN
subjectwatch	TAKEN
palletlane	AVAIL
turbinedepot	TAKEN
columnwatch	TAKEN
schemadesk	TAKEN
corpuslens	TAKEN
invoicegate	TAKEN
signalwatch	TAKEN
modeldocket	AVAIL
tokenmap	TAKEN
evidenceworks	TAKEN
tensorvault	TAKEN
buildgrid	TAKEN
cohortframe	AVAIL
proofgrid	TAKEN
fleetindex	TAKEN
clearingroom	AVAIL
patientbench	TAKEN
ledgerlayer	TAKEN
cobotmesh	TAKEN
complyloop	TAKEN
threatcore	TAKEN
redactbridge	AVAIL
audityard	TAKEN
manifestlane	TAKEN
secretmap	TAKEN
depotdesk	TAKEN
turbineport	AVAIL
assurancemap	TAKEN
settlelens	TAKEN
depotbridge	TAKEN
mandatevault	TAKEN
rolloutindex	AVAIL
staginganchor	AVAIL
datasetgate	TAKEN
trustboard	TAKEN
threatdesk	TAKEN
statutestack	TAKEN
packagerail	AVAIL
triagedesk	TAKEN
filingfolio	TAKEN
payloadbridge	AVAIL
promptcore	TAKEN
controlfolio	TAKEN
cohortlayer	TAKEN
haulageforge	AVAIL
kinematiclens	AVAIL
intakecore	TAKEN
payoutpanel	TAKEN
covenantatlas	TAKEN
incidentguard	TAKEN
warehousecore	TAKEN
fleetatlas	TAKEN
montagestack	AVAIL
contextstack	TAKEN
attestengine	TAKEN
contextengine	TAKEN
threatengine	TAKEN
corpusport	AVAIL
proofstack	TAKEN
cargolog	TAKEN
complymap	TAKEN
privacyanchor	TAKEN
paybase	TAKEN
erasureledger	AVAIL
ledgercore	TAKEN
subjectbench	AVAIL
packagepath	TAKEN
tenantbench	AVAIL
packagelane	TAKEN
dosingledger	AVAIL
modelmap	TAKEN
corpusroom	TAKEN
cohortguard	AVAIL
emissionpanel	AVAIL
autonomyroom	AVAIL
clauseboard	AVAIL
runtimepath	TAKEN
dosingloop	AVAIL
clausebench	AVAIL
badgebridge	TAKEN
solarstack	TAKEN
redactledger	TAKEN
payerwatch	TAKEN
turbinelane	AVAIL
breachmesh	AVAIL
covenantpath	TAKEN
clauseport	AVAIL
palletwatch	TAKEN
payoutscope	TAKEN
promptstack	TAKEN
schemalog	TAKEN
policylane	TAKEN
treasurygrid	TAKEN
buildmesh	TAKEN
breachbench	TAKEN
vendorsuite	TAKEN
threatvault	TAKEN
claimsanchor	AVAIL
billingcore	TAKEN
chartcompass	TAKEN
tokenregister	TAKEN
treasuryport	TAKEN
buildlayer	TAKEN
reconciledesk	TAKEN
registrylens	TAKEN
promptbridge	TAKEN
posturedepot	TAKEN
recordgrid	TAKEN
routegrid	TAKEN
reconcilegate	AVAIL
erasuremesh	AVAIL
catalogbeacon	TAKEN
palletdocket	AVAIL
proofroom	TAKEN
lineagebeacon	AVAIL
tenantfolio	TAKEN
payoutdepot	AVAIL
redactdepot	AVAIL
referralboard	TAKEN
invoicestack	TAKEN
privacydock	TAKEN
referralpath	TAKEN
corpusfolio	AVAIL
invoicelane	TAKEN
privacycore	TAKEN
registrylog	TAKEN
captionsuite	AVAIL
pipelinefolio	AVAIL
trustloop	TAKEN
haulagerail	AVAIL
mandateroom	TAKEN
proofengine	TAKEN
tracegrid	TAKEN
rolloutstack	TAKEN
dosinglane	AVAIL
billingscope	TAKEN
cobotdesk	TAKEN
autonomyrail	TAKEN
clinicguard	TAKEN
accessguard	TAKEN
catalogatlas	TAKEN
controlcore	TAKEN
tokencore	TAKEN
trustbridge	TAKEN
subjectbeacon	TAKEN
vectormesh	TAKEN
invoicelog	TAKEN
brollatlas	AVAIL
secretboard	TAKEN
settlegate	TAKEN
accessloop	TAKEN
breachforge	TAKEN
payloadlens	TAKEN
attestboard	AVAIL
keythread	TAKEN
cargodocket	TAKEN
haulageroom	AVAIL
threatrail	AVAIL
remitrail	TAKEN
clauselens	TAKEN
subjectbase	TAKEN
sessionpanel	TAKEN
captionlayer	TAKEN
lineageport	TAKEN
keyboard	TAKEN
invoicegrid	TAKEN
kinematicrail	AVAIL
riskframe	TAKEN
sessionboard	TAKEN
revenuesignal	TAKEN
mandateindex	AVAIL
tensorport	TAKEN
tenantroom	TAKEN
clinicmap	TAKEN
routelog	TAKEN
commitboard	TAKEN
claimswatch	TAKEN
auditkernel	TAKEN
renderlayer	TAKEN
pipelinegrid	TAKEN
brollengine	AVAIL
remitbeacon	AVAIL
cargofolio	TAKEN
turbinescope	AVAIL
posturekernel	AVAIL
postureledger	AVAIL
thermaltrail	AVAIL
palletsuite	AVAIL
contextdesk	TAKEN
routeframe	TAKEN
haulagewatch	AVAIL
recordatlas	TAKEN
reasoningmap	TAKEN
riskdocket	AVAIL
consentloop	TAKEN
traceregister	TAKEN
passportmesh	AVAIL
invoicethread	AVAIL
exposuremap	TAKEN
stagingforge	AVAIL
cutlistpanel	AVAIL
contextindex	TAKEN
invoicedocket	TAKEN
payloadsuite	AVAIL
intakedocket	AVAIL
vendorgrid	TAKEN
patientgrid	TAKEN
palletatlas	AVAIL
renderstack	TAKEN
keyvault	TAKEN
weightsport	TAKEN
erasurescope	AVAIL
exposureyard	AVAIL
evalwatch	TAKEN
turbinedock	AVAIL
signalpanel	TAKEN
clearingmesh	TAKEN
fleetmap	TAKEN
autonomyforge	TAKEN
tracedeck	TAKEN
cobotport	TAKEN
actuatorgate	AVAIL
turbinebeacon	AVAIL
settlelane	TAKEN
chartbase	TAKEN
invoiceanchor	TAKEN
revenueindex	TAKEN
modeldock	TAKEN
claimsyard	AVAIL
attestsignal	TAKEN
clauseframe	AVAIL
assurancerail	TAKEN
turbinedocket	AVAIL
lineageindex	AVAIL
tensorsignal	TAKEN
incidentlayer	TAKEN
routebeacon	TAKEN
treasurygate	TAKEN
stagingdocket	AVAIL
deploywatch	TAKEN
vendorguard	TAKEN
runtimegrid	TAKEN
threatloop	TAKEN
chartatlas	TAKEN
evidencegate	TAKEN
passportsuite	TAKEN
identitydock	TAKEN
evalsuite	TAKEN
complysignal	TAKEN
complyscope	TAKEN
commitfabric	AVAIL
retentionport	AVAIL
risklog	TAKEN
remitatlas	TAKEN
statutetrail	AVAIL
filingrail	TAKEN
releasedesk	TAKEN
deploystack	TAKEN
consentforge	TAKEN
contextmap	TAKEN
controlanchor	AVAIL
settlegrid	TAKEN
invoicetrail	TAKEN
binaryfabric	TAKEN
privacybeacon	TAKEN
payoutsuite	TAKEN
covenantlog	TAKEN
haulagebench	AVAIL
renderyard	TAKEN
consentatlas	TAKEN
tenantbridge	TAKEN
haulagesuite	AVAIL
clearingworks	TAKEN
deploydesk	TAKEN
payscope	TAKEN
tracegate	TAKEN
routescope	TAKEN
shopfloordock	AVAIL
pipelinedesk	TAKEN
agentbench	TAKEN
tracelens	TAKEN
manifestbase	TAKEN
passportcore	TAKEN
haulagemesh	AVAIL
proofdeck	TAKEN
risksuite	TAKEN
treasuryloop	TAKEN
controlindex	TAKEN
signalstack	TAKEN
tracepanel	TAKEN
evidenceboard	TAKEN
patientkernel	AVAIL
charterdepot	TAKEN
riskvault	TAKEN
posturebase	TAKEN
attestrail	TAKEN
controlbeacon	TAKEN
payboard	TAKEN
ledgerkernel	TAKEN
contextlane	TAKEN
captionatlas	TAKEN
promptatlas	TAKEN
complyframe	TAKEN
postureworks	TAKEN
promptdock	TAKEN
threatlane	TAKEN
treasuryworks	TAKEN
erasurelog	TAKEN
breachstack	TAKEN
deployworks	TAKEN
deploykernel	AVAIL
solardocket	TAKEN
threatboard	TAKEN
metricatlas	TAKEN
cobotdepot	TAKEN
erasurelens	AVAIL
deployanchor	AVAIL
contextroom	TAKEN
identityindex	TAKEN
ladingvault	AVAIL
emberbeacon	TAKEN
complydock	TAKEN
erasuredeck	AVAIL
cohortgate	TAKEN
retentionlens	TAKEN
attestkernel	AVAIL
patientatlas	TAKEN
clausefabric	AVAIL
renderdock	TAKEN
inferencecore	TAKEN
breachroom	TAKEN
catalogdeck	TAKEN
trustdesk	TAKEN
telemetrydock	TAKEN
clinicrail	AVAIL
secretpath	TAKEN
freightdesk	TAKEN
complybase	TAKEN
privacyengine	TAKEN
evalpath	TAKEN
invoicewatch	TAKEN
payoutfabric	AVAIL
haulagestack	AVAIL
releaseindex	TAKEN
customsport	TAKEN
pipelinevault	TAKEN
registrymap	TAKEN
identitypanel	TAKEN
buildfabric	TAKEN
ledgerthread	TAKEN
releaseport	TAKEN
agentbridge	TAKEN
complygrid	TAKEN
breachdeck	TAKEN
buildlog	TAKEN
montagesuite	TAKEN
emberworks	TAKEN
catalogmesh	TAKEN
escrowcompass	AVAIL
schemabridge	TAKEN
warehousepath	AVAIL
packagecore	TAKEN
payloadlane	AVAIL
columnanchor	TAKEN
clausemap	TAKEN
triagebeacon	TAKEN
treasuryrail	TAKEN
solarfolio	TAKEN
tokengrid	TAKEN
riskregister	TAKEN
ledgerguard	TAKEN
autonomyatlas	TAKEN
secretrail	TAKEN
consentkernel	AVAIL
packageloop	TAKEN
escrowbeacon	AVAIL
remitdepot	TAKEN
proofguard	TAKEN
clinicsignal	TAKEN
thermaldock	AVAIL
autonomyframe	AVAIL
releaseyard	TAKEN
tensordepot	TAKEN
carbonvault	TAKEN
runtimepanel	AVAIL
claimspanel	AVAIL
tenantdesk	TAKEN
carbonbridge	TAKEN
payoutworks	TAKEN
referralframe	TAKEN
intakesignal	TAKEN
haulagepath	AVAIL
catalogvault	TAKEN
tokenwatch	TAKEN
warehousemesh	TAKEN
tenantboard	TAKEN
tensorpath	TAKEN
captionpath	TAKEN
cobotsuite	AVAIL
agentkernel	TAKEN
incidentfolio	AVAIL
depotdock	TAKEN
cargoscope	TAKEN
manifestroom	AVAIL
incidentlens	TAKEN
claimsbeacon	AVAIL
policydeck	TAKEN
vectorbeacon	TAKEN
erasurebridge	AVAIL
passportgate	TAKEN
buildregister	TAKEN
clausesuite	TAKEN
proofledger	TAKEN
artifactdesk	TAKEN
subjectatlas	AVAIL
charteranchor	TAKEN
referralyard	TAKEN
releasetrail	TAKEN
keymesh	TAKEN
badgepath	TAKEN
auditdesk	TAKEN
claimscompass	TAKEN
evalbench	TAKEN
treasuryroom	TAKEN
cobotregister	AVAIL
packagemap	TAKEN
runtimefabric	TAKEN
registrywatch	TAKEN
ledgerdeck	TAKEN
stagingdepot	TAKEN
erasureworks	AVAIL
guardrailport	AVAIL
binarystack	TAKEN
paymentyard	AVAIL
evidencefolio	TAKEN
releaselog	TAKEN
remitforge	TAKEN
actuatormap	AVAIL
patientrail	AVAIL
intakelayer	TAKEN
payoutlens	TAKEN
tokensuite	TAKEN
paylane	TAKEN
threatdepot	AVAIL
montagemesh	AVAIL
catalogbench	AVAIL
shipmentlane	TAKEN
triageforge	TAKEN
haulagegrid	AVAIL
badgepanel	AVAIL
packageforge	TAKEN
settlerail	TAKEN
cobotvault	AVAIL
disclosuremap	TAKEN
auditbeacon	TAKEN
policyport	TAKEN
stagingyard	TAKEN
escrowatlas	TAKEN
embedlens	TAKEN
auditcore	TAKEN
cataloglane	TAKEN
auditguard	TAKEN
riskcore	TAKEN
policywatch	TAKEN
actuatordepot	TAKEN
payoutforge	TAKEN
triagekernel	AVAIL
vectorvault	TAKEN
solartrail	TAKEN
wattboard	TAKEN
traceguard	TAKEN
attestanchor	AVAIL
clearingrail	TAKEN
controlfabric	TAKEN
fleetframe	TAKEN
pipelinelens	TAKEN
remitframe	AVAIL
runtimegate	TAKEN
haulagevault	AVAIL
columnengine	AVAIL
deploymesh	TAKEN
metricwatch	TAKEN
subjectbridge	TAKEN
clearingboard	AVAIL
evalrail	TAKEN
binarycore	TAKEN
filinglens	TAKEN
catalogthread	AVAIL
cargoport	TAKEN
vectorpath	TAKEN
brollsignal	AVAIL
embedregister	AVAIL
buildworks	TAKEN
carbonguard	TAKEN
payerport	TAKEN
catalogboard	TAKEN
passportroom	AVAIL
cataloglayer	TAKEN
revenuedocket	AVAIL
paycompass	TAKEN
statutevault	AVAIL
clauseforge	TAKEN
auditregister	TAKEN
referralfolio	AVAIL
keylog	TAKEN
carbonlayer	TAKEN
montagetrail	AVAIL
paybridge	TAKEN
mandatethread	AVAIL
renderwatch	TAKEN
haulageguard	AVAIL
subjectcore	TAKEN
vendorcompass	TAKEN
recordrail	TAKEN
reasoninglane	AVAIL
freightguard	TAKEN
contextwatch	TAKEN
palletdock	TAKEN
formularylane	AVAIL
commitwatch	TAKEN
paymentindex	TAKEN
subjectdeck	AVAIL
invoiceboard	TAKEN
consentframe	AVAIL
stagingatlas	AVAIL
registrydeck	AVAIL
threatatlas	TAKEN
charterdock	TAKEN
columntrail	AVAIL
patchregister	TAKEN
threatworks	TAKEN
artifactbase	TAKEN
ladingengine	AVAIL
artifactdock	AVAIL
clausedepot	AVAIL
cargolane	TAKEN
threatpanel	TAKEN
subjectguard	AVAIL
packagedesk	TAKEN
deploydock	TAKEN
trustkernel	TAKEN
turbinekernel	AVAIL
evidencecore	TAKEN
actuatoryard	TAKEN
mandateboard	AVAIL
rolloutengine	TAKEN
dosingsuite	AVAIL
carbonfabric	TAKEN
columnloop	AVAIL
actuatorforge	TAKEN
actuatorworks	TAKEN
passportlens	TAKEN
commitatlas	AVAIL
payoutyard	AVAIL
consentlog	TAKEN
payerpath	TAKEN
revenuepanel	TAKEN
trustindex	TAKEN
buildpanel	TAKEN
reconcileroom	AVAIL
revenuecore	TAKEN
recordthread	AVAIL
corpusatlas	TAKEN
statutelayer	AVAIL
policycompass	TAKEN
rolloutcore	AVAIL
statutelane	AVAIL
emissiontrail	AVAIL
carbonkernel	TAKEN
vectorkernel	TAKEN
patientstack	TAKEN
erasurepanel	AVAIL
tracelane	TAKEN
intakeindex	AVAIL
embedlayer	TAKEN
emberatlas	TAKEN
proofthread	TAKEN
corpusforge	TAKEN
brolltrail	AVAIL
promptboard	TAKEN
tenantdeck	TAKEN
treasurylane	TAKEN
actuatorport	AVAIL
schemalayer	TAKEN
clinicsuite	TAKEN
cutlistbridge	AVAIL
metricbench	TAKEN
secretbridge	TAKEN
turbineanchor	TAKEN
renewableport	AVAIL
binaryguard	TAKEN
tokengate	TAKEN
contextboard	TAKEN
chartcore	TAKEN
ledgerstack	TAKEN
payerstack	TAKEN
payoutcore	TAKEN
ledgerworks	TAKEN
patchroom	TAKEN
clinicbench	TAKEN
lineageanchor	AVAIL
settlefabric	TAKEN
sessiondock	TAKEN
posturestack	AVAIL
claimsforge	TAKEN
tenantpath	TAKEN
payerdeck	AVAIL
clearingframe	AVAIL
exposureworks	TAKEN
complyport	TAKEN
payloadrail	AVAIL
posturegrid	TAKEN
formularydock	AVAIL
pipelinedeck	TAKEN
payloadlayer	AVAIL
chartmap	TAKEN
auditindex	TAKEN
commitmesh	AVAIL
haulagelens	AVAIL
complypath	TAKEN
chartindex	TAKEN
trustmesh	TAKEN
promptengine	TAKEN
contextpanel	TAKEN
evidencestack	TAKEN
retentiongate	AVAIL
customsyard	AVAIL
rolloutyard	AVAIL
signalsuite	TAKEN
charterboard	TAKEN
shipmentdeck	AVAIL
depotdeck	TAKEN
captionrail	AVAIL
settlefolio	AVAIL
passportpanel	AVAIL
packagedeck	TAKEN
subjectlog	AVAIL
schemawatch	TAKEN
telemetrylens	AVAIL
emissionwatch	TAKEN
renderkernel	AVAIL
haulageboard	TAKEN
freightlane	TAKEN
montagedock	TAKEN
erasuredock	AVAIL
haulagelane	AVAIL
signalengine	TAKEN
claimsbench	TAKEN
staginglane	TAKEN
recordlog	TAKEN
postureforge	TAKEN
payermesh	TAKEN
keydocket	AVAIL
mandatekernel	AVAIL
vectorsuite	TAKEN
schemagate	TAKEN
charterscope	TAKEN
artifactvault	TAKEN
weightsbeacon	AVAIL
freightlayer	TAKEN
statuteledger	AVAIL
tracetrail	TAKEN
tracefabric	TAKEN
datasetwatch	AVAIL
stagingframe	AVAIL
columnmesh	TAKEN
exposureindex	TAKEN
artifactgrid	TAKEN
montageloop	AVAIL
remitlog	TAKEN
fleetgrid	TAKEN
privacybase	TAKEN
renderbridge	TAKEN
autonomylog	AVAIL
datasetdepot	TAKEN
corpusdeck	TAKEN
vectorframe	TAKEN
claimsmap	TAKEN
redactscope	AVAIL
privacymap	TAKEN
filingport	TAKEN
buildbeacon	TAKEN
incidentvault	TAKEN
thermaldepot	TAKEN
rolloutlens	AVAIL
emberlayer	TAKEN
redactlane	AVAIL
freightpanel	TAKEN
promptindex	TAKEN
kinematiclog	AVAIL
cutlistguard	AVAIL
wattframe	TAKEN
rendergrid	TAKEN
breachdock	TAKEN
patientguard	TAKEN
embedbeacon	AVAIL
modelguard	TAKEN
privacywatch	TAKEN
wattmap	TAKEN
customsbase	TAKEN
referralstack	TAKEN
cutlistindex	AVAIL
actuatorwatch	AVAIL
recordsignal	TAKEN
tracestack	TAKEN
clinicdocket	AVAIL
metricfolio	TAKEN
remitmesh	TAKEN
secretdesk	TAKEN
revenueforge	TAKEN
payoutengine	TAKEN
promptlens	TAKEN
cargobench	TAKEN
prooflog	TAKEN
claimsport	TAKEN
auditloop	TAKEN
registrysuite	TAKEN
manifestdesk	TAKEN
metricfabric	TAKEN
commitgate	TAKEN
clinickernel	AVAIL
storyboardlog	AVAIL
warehouseroom	AVAIL
clausescope	TAKEN
releasekernel	AVAIL
embedgate	TAKEN
threatmesh	TAKEN
privacyscope	TAKEN
rolloutbeacon	AVAIL
agentvault	TAKEN
customsworks	TAKEN
cargomap	TAKEN
remitmap	TAKEN
modelforge	TAKEN
recordbase	TAKEN
signalport	TAKEN
agentpath	TAKEN
routemap	TAKEN
columnbridge	TAKEN
runtimedock	TAKEN
palletstack	TAKEN
freightroom	TAKEN
tensorindex	TAKEN
embermesh	TAKEN
intakegrid	TAKEN
shopfloormesh	AVAIL
runtimelog	TAKEN
exposurebench	TAKEN
signalyard	TAKEN
trustwatch	TAKEN
turbinepath	AVAIL
staginglens	AVAIL
commitdock	AVAIL
identitylens	TAKEN
signalindex	TAKEN
brollwatch	AVAIL
payerlog	AVAIL
proofscope	TAKEN
commitsignal	TAKEN
modelpanel	TAKEN
covenantdesk	TAKEN
ledgerdock	TAKEN
incidentmap	TAKEN
autonomymap	TAKEN
assuranceyard	AVAIL
datasetgrid	AVAIL
inferencepath	TAKEN
evalbridge	TAKEN
subjectdocket	AVAIL
customsfolio	AVAIL
shopflooryard	AVAIL
binaryanchor	TAKEN
patchkernel	AVAIL
modelpath	TAKEN
secretroom	TAKEN
payoutanchor	AVAIL
payvault	TAKEN
clausedock	AVAIL
shipmentdock	AVAIL
wattdeck	TAKEN
buildguard	TAKEN
vectorport	TAKEN
commitdepot	AVAIL
vectorengine	TAKEN
warehouserail	AVAIL
claimsdocket	TAKEN
clausewatch	TAKEN
invoicebeacon	TAKEN
statutewatch	AVAIL
ladingbench	AVAIL
turbineloop	AVAIL
settlebench	AVAIL
lineagedock	AVAIL
artifactmap	TAKEN
reasoningyard	AVAIL
palletfabric	AVAIL
tenantpanel	TAKEN
wattgrid	TAKEN
breachpanel	AVAIL
corpuslane	TAKEN
auditlens	TAKEN
lineagesuite	AVAIL
auditlog	TAKEN
payoutstack	TAKEN
metriclens	TAKEN
attestmap	AVAIL
modelanchor	TAKEN
incidentdeck	TAKEN
columnlog	AVAIL
subjectscope	TAKEN
payoutdeck	TAKEN
patientdesk	TAKEN
actuatordesk	AVAIL
shipmentbase	TAKEN
packagebench	AVAIL
brollroom	AVAIL
chartbench	TAKEN
tracesuite	TAKEN
reasoningroom	AVAIL
palletworks	TAKEN
cohortanchor	AVAIL
montagelog	AVAIL
evalengine	TAKEN
agentmesh	TAKEN
registrystack	TAKEN
contextatlas	TAKEN
registryforge	TAKEN
patchloop	TAKEN
auditdepot	TAKEN
carbonbench	TAKEN
emberlane	TAKEN
traceledger	TAKEN
privacythread	AVAIL
ladingthread	AVAIL
triageguard	AVAIL
reasoningbase	TAKEN
secretsignal	TAKEN
shipmentfolio	AVAIL
payindex	TAKEN
chartledger	TAKEN
payloadthread	AVAIL
commitlayer	TAKEN
embedrail	AVAIL
remitguard	TAKEN
inferenceport	TAKEN
breachvault	TAKEN
policykernel	TAKEN
carbonbeacon	TAKEN
ladingrail	AVAIL
threatlens	TAKEN
referralatlas	TAKEN
payerframe	AVAIL
emberpanel	TAKEN
dosingdesk	AVAIL
binarydocket	AVAIL
thermalthread	TAKEN
payercompass	TAKEN
customsthread	AVAIL
fleetloop	TAKEN
embedfabric	TAKEN
tensorpanel	AVAIL
rolloutlane	AVAIL
runtimedeck	TAKEN
payoutroom	AVAIL
rolloutrail	AVAIL
freightatlas	TAKEN
catalogindex	TAKEN
binarysuite	TAKEN
shipmentstack	AVAIL
ledgermesh	TAKEN
claimsindex	TAKEN
clinicledger	TAKEN
identitybase	TAKEN
embedsuite	TAKEN
binaryindex	TAKEN
cutlistloop	AVAIL
escrowgate	TAKEN
triageworks	TAKEN
freightengine	TAKEN
policysignal	TAKEN
renewableyard	AVAIL
releasemap	TAKEN
freightvault	TAKEN
buildsuite	TAKEN
corpusloop	TAKEN
intakefabric	TAKEN
escrowrail	TAKEN
binarydeck	AVAIL
schemaengine	TAKEN
assurancebase	TAKEN
haulageworks	AVAIL
turbinemesh	AVAIL
cutlistyard	AVAIL
inferencemap	TAKEN
reconcilecore	AVAIL
redactframe	AVAIL
wattbase	TAKEN
freightledger	TAKEN
customsledger	AVAIL
trustroom	TAKEN
commitfolio	AVAIL
patientvault	TAKEN
commitbench	AVAIL
weightslog	TAKEN
treasurydeck	TAKEN
breachframe	TAKEN
proofboard	TAKEN
mandateworks	TAKEN
routelens	TAKEN
actuatorscope	AVAIL
agentregister	TAKEN
redactsuite	AVAIL
auditfabric	TAKEN
paymentvault	TAKEN
settlestack	TAKEN
settleroom	TAKEN
sessionengine	TAKEN
risklayer	TAKEN
revenuepath	TAKEN
releaselens	TAKEN
cohortbridge	TAKEN
corpusindex	TAKEN
threatkernel	AVAIL
montageforge	AVAIL
montagedesk	AVAIL
wattstack	TAKEN
turbinerail	AVAIL
referralpanel	AVAIL
clearingvault	TAKEN
ladingindex	AVAIL
brollmap	AVAIL
autonomywatch	TAKEN
privacyboard	TAKEN
riskstack	TAKEN
accesscore	TAKEN
treasuryfolio	TAKEN
exposureboard	TAKEN
badgelayer	TAKEN
badgevault	TAKEN
freightbridge	TAKEN
tokendesk	TAKEN
lineagebase	AVAIL
incidentatlas	TAKEN
statutedocket	AVAIL
ledgeranchor	TAKEN
keyrail	TAKEN
customsloop	AVAIL
identityatlas	TAKEN
dosinglog	TAKEN
signalforge	TAKEN
weightsbridge	AVAIL
escrowmap	TAKEN
wattlane	TAKEN
tensorengine	TAKEN
autonomyboard	TAKEN
paydesk	TAKEN
packagedepot	TAKEN
captionsignal	AVAIL
patientlane	TAKEN
riskengine	TAKEN
modelbeacon	TAKEN
treasurymap	TAKEN
signalrail	TAKEN
claimslens	TAKEN
stagingdesk	TAKEN
emissioncore	TAKEN
releaseroom	TAKEN
treasurydepot	TAKEN
actuatorloop	AVAIL
packagedocket	AVAIL
captiondocket	AVAIL
carbonfolio	TAKEN
vectorlane	TAKEN
binarywatch	TAKEN
chartframe	TAKEN
cargogrid	TAKEN
deployengine	TAKEN
dosingmap	AVAIL
turbinebridge	AVAIL
badgelog	TAKEN
turbinesignal	AVAIL
embedcompass	AVAIL
schemasuite	TAKEN
emberthread	TAKEN
agentguard	TAKEN
identitypath	TAKEN
kinematicmesh	AVAIL
cargolayer	TAKEN
attestcompass	AVAIL
riskbeacon	TAKEN
columncore	TAKEN
guardraildock	TAKEN
contextsuite	TAKEN
captionlane	AVAIL
corpuslayer	AVAIL
vendorbase	TAKEN
manifestdepot	AVAIL
complydeck	TAKEN
retentionlog	TAKEN
complykernel	AVAIL
shopfloormap	AVAIL
customsatlas	TAKEN
cutlistbase	AVAIL
binaryscope	TAKEN
schemalens	TAKEN
cutlistfolio	AVAIL
fleetwatch	TAKEN
mandatebase	TAKEN
chartfolio	TAKEN
buildtrail	TAKEN
revenuelayer	TAKEN
deployatlas	TAKEN
clearingyard	TAKEN
lineagepanel	TAKEN
keywatch	TAKEN
identityframe	TAKEN
payloadvault	AVAIL
clinicbase	TAKEN
modelsignal	TAKEN
runtimemap	TAKEN
redactdeck	AVAIL
traceport	TAKEN
patientbase	TAKEN
complypanel	TAKEN
paymentbase	TAKEN
policyrail	TAKEN
revenuewatch	TAKEN
dosingdock	AVAIL
brollvault	TAKEN
charterframe	TAKEN
payerindex	TAKEN
solarmap	TAKEN
turbinelens	AVAIL
catalogdesk	TAKEN
breachbase	TAKEN
posturebeacon	AVAIL
invoicemap	TAKEN
binaryframe	TAKEN
turbineframe	AVAIL
ladingloop	AVAIL
privacymesh	TAKEN
postureguard	TAKEN
revenuekernel	TAKEN
proofdepot	TAKEN
invoicekernel	AVAIL
manifestrail	AVAIL
tracedepot	TAKEN
paydeck	TAKEN
patchlane	TAKEN
attestforge	TAKEN
signalfolio	TAKEN
treasurystack	TAKEN
wattcompass	TAKEN
vectorboard	TAKEN
policygate	TAKEN
modelwatch	TAKEN
cobotlog	AVAIL
renderdesk	TAKEN
controlpath	TAKEN
montagekernel	AVAIL
tracefolio	TAKEN
metricsignal	TAKEN
complyanchor	TAKEN
remitfabric	AVAIL
redactindex	AVAIL
intakeboard	TAKEN
montagebase	AVAIL
cobotloop	AVAIL
chartdock	TAKEN
payoutvault	TAKEN
cobotlane	TAKEN
payerlens	TAKEN
triageyard	AVAIL
proofcore	TAKEN
sessiondesk	TAKEN
cobotbeacon	TAKEN
keyledger	TAKEN
privacygate	TAKEN
redactworks	TAKEN
passportdepot	TAKEN
freightbench	TAKEN
breachcompass	TAKEN
invoicebench	TAKEN
modelatlas	TAKEN
escrowindex	AVAIL
contextloop	TAKEN
tenantwatch	TAKEN
trustlens	TAKEN
renewablemap	TAKEN
covenantloop	AVAIL
commitscope	TAKEN
attestguard	TAKEN
cobotboard	AVAIL
keyscope	TAKEN
revenuethread	TAKEN
metricbeacon	TAKEN
commitworks	TAKEN
proofdocket	TAKEN
treasurycore	TAKEN
palletyard	TAKEN
wattworks	TAKEN
patientdepot	TAKEN
secretdeck	TAKEN
reconcilemap	AVAIL
runtimeanchor	TAKEN
treasurypath	TAKEN
claimsgate	TAKEN
kinematicmap	AVAIL
embedboard	TAKEN
patchledger	TAKEN
ladingatlas	AVAIL
routecore	TAKEN
filingstack	TAKEN
breachbridge	AVAIL
agentfolio	TAKEN
promptlane	TAKEN
datasetroom	AVAIL
privacyport	TAKEN
breachguard	TAKEN
runtimebase	TAKEN
commitlens	TAKEN
depotmap	TAKEN
thermaldesk	TAKEN
consentfabric	TAKEN
filingbase	TAKEN
mandatescope	TAKEN
attestlog	TAKEN
controlmap	TAKEN
consentworks	TAKEN
autonomydesk	TAKEN
billingdepot	TAKEN
cobotengine	TAKEN
emissionrail	AVAIL
retentiongrid	TAKEN
cargoframe	AVAIL
vendorcore	TAKEN
consentgrid	TAKEN
attestpanel	AVAIL
binarylens	TAKEN
patchscope	TAKEN
buildpath	TAKEN
deploycore	TAKEN
manifestframe	TAKEN
postureboard	AVAIL
evidenceloop	TAKEN
breachgrid	TAKEN
triageframe	AVAIL
payerkernel	AVAIL
catalogsignal	TAKEN
recordledger	TAKEN
chartergate	TAKEN
badgebeacon	AVAIL
emissionframe	AVAIL
remitpanel	AVAIL
payerengine	AVAIL
intakekernel	AVAIL
recordguard	TAKEN
referralmesh	AVAIL
freightdeck	TAKEN
weightsguard	AVAIL
modelworks	TAKEN
revenueworks	TAKEN
patchguard	TAKEN
controldock	TAKEN
identitylane	TAKEN
controlscope	TAKEN
incidentforge	TAKEN
claimsdesk	TAKEN
fleetrail	TAKEN
controlframe	TAKEN
metricvault	TAKEN
datasetlane	TAKEN
binarymap	TAKEN
solarledger	TAKEN
stagingbench	TAKEN
claimslog	TAKEN
carbonmap	TAKEN
evalbase	TAKEN
carbonengine	TAKEN
shopfloorgate	AVAIL
binaryledger	TAKEN
escrowdock	TAKEN
freightkernel	TAKEN
escrowengine	TAKEN
sessionroom	TAKEN
sessionatlas	TAKEN
carbonframe	TAKEN
ladingframe	AVAIL
keyguard	TAKEN
wattbeacon	TAKEN
captionboard	AVAIL
exposuretrail	TAKEN
subjectboard	TAKEN
lineagestack	TAKEN
complyledger	TAKEN
agentwatch	TAKEN
posturebridge	AVAIL
formularylens	AVAIL
trustatlas	TAKEN
commitdeck	AVAIL
runtimeboard	AVAIL
clauseledger	TAKEN
releasebase	TAKEN
registryfolio	AVAIL
cobotdock	TAKEN
keypath	TAKEN
actuatoratlas	AVAIL
paydocket	TAKEN
cohortsuite	AVAIL
commitbridge	TAKEN
emissiondeck	AVAIL
runtimecore	TAKEN
accesslens	TAKEN
consentbridge	TAKEN
keysignal	TAKEN
keyengine	TAKEN
chartdesk	TAKEN
auditgate	TAKEN
routebridge	TAKEN
turbinefabric	AVAIL
attestdock	TAKEN
weightsloop	AVAIL
identitylayer	TAKEN
escrowsignal	TAKEN
triagethread	AVAIL
tensordock	TAKEN
carbonpanel	TAKEN
weightsbench	TAKEN
montageanchor	AVAIL
chartermesh	TAKEN
carbonlane	TAKEN
retentionmesh	TAKEN
stagingworks	TAKEN
policyanchor	TAKEN
agentdesk	TAKEN
telemetrybase	TAKEN
escrowdocket	AVAIL
badgedepot	TAKEN
payoutdock	AVAIL
trustlane	TAKEN
payerboard	AVAIL
payoutledger	TAKEN
kinematiclane	AVAIL
patchyard	TAKEN
metricengine	TAKEN
lineagegate	TAKEN
renewableloop	TAKEN
depotlog	TAKEN
fleetvault	TAKEN
runtimerail	TAKEN
billingdock	TAKEN
vectorloop	TAKEN
lineageworks	TAKEN
artifactwatch	TAKEN
brollpanel	AVAIL
vendorbridge	TAKEN
treasurylog	TAKEN
breachledger	TAKEN
runtimeworks	TAKEN
tenantcore	TAKEN
palletvault	TAKEN
releasethread	TAKEN
artifactgate	AVAIL
rolloutatlas	AVAIL
exposurefolio	AVAIL
recordlens	TAKEN
identitydepot	TAKEN
brolldock	AVAIL
shipmentsuite	TAKEN
columnport	AVAIL
attestindex	AVAIL
turbinethread	AVAIL
privacyfabric	TAKEN
auditvault	TAKEN
riskpanel	TAKEN
threatbridge	TAKEN
cohortworks	TAKEN
turbineboard	AVAIL
accessbench	TAKEN
tracekernel	TAKEN
renderlens	TAKEN
clausepath	TAKEN
cohortstack	TAKEN
evidencerail	TAKEN
corpusmap	TAKEN
deployroom	TAKEN
revenueatlas	TAKEN
runtimesignal	TAKEN
shipmentgate	TAKEN
payertrail	AVAIL
modelyard	TAKEN
billingsuite	TAKEN
intakelane	TAKEN
releaseloop	TAKEN
depotforge	TAKEN
auditlayer	TAKEN
buildforge	TAKEN
datasetsignal	AVAIL
tokentrail	TAKEN
controlbench	TAKEN
redactgate	TAKEN
depotcore	TAKEN
tensorsuite	TAKEN
palletroom	TAKEN
kinematicdesk	AVAIL
filingledger	TAKEN
remitgate	TAKEN
accesspath	TAKEN
attestdesk	TAKEN
packagewatch	TAKEN
runtimewatch	TAKEN
clearingstack	TAKEN
paygate	TAKEN
badgedesk	TAKEN
cobotgate	AVAIL
autonomygate	TAKEN
subjectengine	TAKEN
deploytrail	TAKEN
stagingcore	TAKEN
shopfloorloop	AVAIL
covenantlens	TAKEN
autonomylayer	TAKEN
promptdeck	TAKEN
tensorgrid	TAKEN
commitindex	TAKEN
badgeforge	TAKEN
embercore	TAKEN
datasetsuite	AVAIL
attestfabric	TAKEN
cohortroom	TAKEN
auditpanel	TAKEN
rolloutlog	AVAIL
metricgate	TAKEN
evidenceforge	TAKEN
claimsmesh	TAKEN
auditstack	TAKEN
risklane	TAKEN
artifactloop	TAKEN
ladingledger	TAKEN
promptpanel	TAKEN
embedkernel	TAKEN
lineagedepot	AVAIL
traceanchor	TAKEN
montagegrid	AVAIL
evidencelens	TAKEN
cutlistdesk	AVAIL
recordengine	TAKEN
privacylens	TAKEN
escrowkernel	AVAIL
consentdeck	TAKEN
policyboard	TAKEN
thermalwatch	TAKEN
covenantbase	TAKEN
settleframe	TAKEN
cargolens	TAKEN
patchsuite	TAKEN
artifactindex	TAKEN
badgeregister	TAKEN
assurancegrid	TAKEN
secretdocket	AVAIL
buildroom	TAKEN
cobotbench	TAKEN
cutlistlayer	AVAIL
commitlane	TAKEN
trustvault	TAKEN
depotregister	AVAIL
catalograil	AVAIL
policyworks	TAKEN
emberforge	TAKEN
invoicedepot	TAKEN
evidencemap	TAKEN
identitywatch	TAKEN
intakesuite	TAKEN
staginglog	TAKEN
artifactyard	TAKEN
buildrail	TAKEN
contextlens	TAKEN
passportdesk	TAKEN
captionport	TAKEN
ladingpath	AVAIL
cohortgrid	TAKEN
recordindex	TAKEN
keyfolio	TAKEN
trustbeacon	TAKEN
evalfolio	AVAIL
vectorlog	TAKEN
emissionloop	AVAIL
subjectpath	AVAIL
attestfolio	AVAIL
packageyard	AVAIL
customstrail	AVAIL
vendorfolio	TAKEN
escrowvault	TAKEN
commitgrid	TAKEN
subjectanchor	AVAIL
secretcore	TAKEN
secretengine	TAKEN
tensorlane	TAKEN
promptbeacon	TAKEN
promptmesh	TAKEN
cohortcompass	TAKEN
revenuelens	TAKEN
sessionlane	TAKEN
agentboard	TAKEN
thermalsignal	TAKEN
routelayer	TAKEN
payloadport	TAKEN
haulageindex	AVAIL
vendorledger	TAKEN
paymentgate	TAKEN
haulagepanel	AVAIL
sessionmesh	TAKEN
tokenthread	TAKEN
subjectframe	AVAIL
registryindex	TAKEN
ledgervault	TAKEN
commitframe	TAKEN
keydepot	TAKEN
contextyard	TAKEN
lineagedeck	AVAIL
consentwatch	TAKEN
pipelineforge	TAKEN
accessbase	TAKEN
cliniclane	TAKEN
artifactfolio	TAKEN
datasetguard	AVAIL
passportyard	AVAIL
keybridge	TAKEN
montageindex	TAKEN
breachport	AVAIL
thermalguard	TAKEN
deployscope	TAKEN
metricport	TAKEN
intakestack	TAKEN
solarboard	TAKEN
reasoningmesh	TAKEN
payervault	TAKEN
schemaindex	TAKEN
recordanchor	TAKEN
filingforge	TAKEN
treasurypanel	AVAIL
embersignal	TAKEN
sessionstack	TAKEN
secretframe	TAKEN
chartbridge	TAKEN
erasurebase	AVAIL
incidentframe	AVAIL
freightcore	TAKEN
claimsbridge	TAKEN
modelfolio	TAKEN
posturepanel	AVAIL
artifactboard	AVAIL
cargomesh	TAKEN
clearingdock	TAKEN
paymentrail	TAKEN
remitlane	TAKEN
montagegate	AVAIL
secretport	TAKEN
patientpath	TAKEN
fleetlog	TAKEN
packagescope	AVAIL
tokenframe	TAKEN
revenuedesk	TAKEN
emissiondepot	TAKEN
exposureloop	TAKEN
covenantstack	TAKEN
freightframe	TAKEN
proofindex	TAKEN
binarygrid	TAKEN
mandateforge	AVAIL
turbinebench	AVAIL
haulagedocket	AVAIL
settleanchor	AVAIL
artifactscope	AVAIL
solarlayer	TAKEN
thermalcore	TAKEN
payoutbeacon	AVAIL
artifactatlas	TAKEN
filingbench	AVAIL
schemafabric	TAKEN
clinicbeacon	TAKEN
kinematicroom	AVAIL
covenantrail	TAKEN
treasuryguard	TAKEN
charterbeacon	AVAIL
passportdeck	AVAIL
rolloutanchor	AVAIL
weightslane	AVAIL
clauseworks	TAKEN
lineagemap	TAKEN
triageindex	TAKEN
consentdocket	AVAIL
ledgerfabric	TAKEN
contextvault	TAKEN
privacyvault	TAKEN
remitanchor	TAKEN
commitengine	TAKEN
manifestscope	TAKEN
paymentfolio	TAKEN
controlgate	TAKEN
agentstack	TAKEN
erasurefolio	AVAIL
filingwatch	TAKEN
covenantfolio	AVAIL
inferencedock	TAKEN
payerbridge	TAKEN
haulagedock	AVAIL
charterfolio	TAKEN
guardrailgrid	AVAIL
captionpanel	AVAIL
mandatelayer	TAKEN
carbonworks	TAKEN
routefolio	TAKEN
metrictrail	TAKEN
patchrail	TAKEN
remitboard	TAKEN
patchvault	TAKEN
invoiceframe	AVAIL
erasurecore	AVAIL
traceframe	TAKEN
contextbench	TAKEN
claimsroom	TAKEN
weightsanchor	AVAIL
revenueloop	TAKEN
billingbridge	TAKEN
cobotcore	TAKEN
evalcore	TAKEN
secretguard	TAKEN
controlrail	TAKEN
patientroom	TAKEN
complymesh	TAKEN
rolloutsuite	AVAIL
tensorloop	TAKEN
patientframe	TAKEN
embedfolio	AVAIL
claimsfolio	AVAIL
promptsignal	TAKEN
routeledger	TAKEN
payerdocket	AVAIL
badgemesh	TAKEN
badgescope	AVAIL
freightpath	TAKEN
columndocket	AVAIL
buildbridge	TAKEN
consentanchor	TAKEN
accessledger	TAKEN
stagingbridge	TAKEN
intakecompass	TAKEN
sessionbase	TAKEN
brollrail	AVAIL
brollforge	AVAIL
thermalbridge	TAKEN
actuatordock	AVAIL
patchindex	TAKEN
consentindex	TAKEN
statutesignal	AVAIL
chartstack	TAKEN
riskdeck	TAKEN
depotlens	TAKEN
exposureforge	TAKEN
remitdesk	TAKEN
vectorpanel	TAKEN
promptcompass	TAKEN
cohortforge	TAKEN
cutlistsignal	AVAIL
palletcore	TAKEN
brollanchor	AVAIL
stagingpanel	AVAIL
warehousedeck	AVAIL
agentdocket	TAKEN
clearingcore	TAKEN
carbonyard	TAKEN
mandatedesk	TAKEN
runtimedesk	TAKEN
corpuscore	TAKEN
assurancedeck	AVAIL
vendorwatch	TAKEN
invoicevault	TAKEN
passportlane	TAKEN
complyworks	TAKEN
patchbench	TAKEN
payoutkernel	AVAIL
captionscope	TAKEN
payloadroom	AVAIL
emissionmap	TAKEN
consentdock	TAKEN
ledgerfolio	TAKEN
montagebench	AVAIL
wattledger	TAKEN
ledgerdesk	TAKEN
metriclog	TAKEN
claimsloop	TAKEN
ladingmap	AVAIL
postureroom	TAKEN
secretdepot	TAKEN
threatgate	TAKEN
escrowscope	AVAIL
triagefolio	AVAIL
fleetfabric	TAKEN
routegate	TAKEN
covenantmap	TAKEN
captiontrail	TAKEN
patchpanel	TAKEN
patientlens	TAKEN
modelgrid	TAKEN
sessionforge	TAKEN
payerlayer	TAKEN
trustlog	TAKEN
modelvault	TAKEN
binaryloop	TAKEN
exposureroom	TAKEN
attestroom	AVAIL
sessiongate	TAKEN
brollbase	AVAIL
proofcompass	TAKEN
autonomylens	AVAIL
warehousedock	TAKEN
cobotbridge	TAKEN
auditgrid	TAKEN
threatlog	TAKEN
embergrid	TAKEN
identityboard	TAKEN
triagestack	TAKEN
wattlog	TAKEN
catalogledger	AVAIL
consentguard	TAKEN
clearingport	TAKEN
settlelog	TAKEN
artifactsuite	TAKEN
clearingforge	TAKEN
keyloop	TAKEN
paypanel	TAKEN
paymentboard	TAKEN
revenueguard	TAKEN
artifactframe	AVAIL
subjectlane	AVAIL
badgeyard	AVAIL
revenuerail	TAKEN
referralbench	AVAIL
controldepot	TAKEN
depotvault	TAKEN
sessionbeacon	TAKEN
clinicdesk	TAKEN
vendorthread	TAKEN
breachloop	TAKEN
reconcilebase	AVAIL
statuteindex	AVAIL
corpusmesh	TAKEN
rolloutbench	AVAIL
passportgrid	TAKEN
clinicthread	AVAIL
remitbench	TAKEN
charterstack	TAKEN
renderfabric	TAKEN
chartervault	TAKEN
controlgrid	TAKEN
proofloop	TAKEN
lineagesignal	AVAIL
attestmesh	TAKEN
escrowgrid	TAKEN
posturerail	AVAIL
secretlog	TAKEN
corpusframe	TAKEN
billinganchor	AVAIL
montagevault	TAKEN
cohortwatch	AVAIL
patientsignal	TAKEN
binaryengine	TAKEN
columnvault	AVAIL
patchmesh	TAKEN
complycore	TAKEN
clausepanel	AVAIL
promptworks	TAKEN
signaldeck	TAKEN
clinicloop	TAKEN
patchbridge	TAKEN
deploygrid	TAKEN
privacytrail	TAKEN
subjectstack	TAKEN
revenuestack	TAKEN
accessgate	TAKEN
evalregister	TAKEN
redactgrid	AVAIL
formularygate	AVAIL
subjectsuite	AVAIL
riskroom	TAKEN
charterengine	TAKEN
renderlane	TAKEN
thermalatlas	TAKEN
escrowmesh	AVAIL
reconcilemesh	AVAIL
subjectworks	TAKEN
chartguard	TAKEN
badgemap	TAKEN
auditrail	TAKEN
cargoguard	TAKEN
triageroom	TAKEN
policyfolio	TAKEN
charterlayer	TAKEN
rolloutdeck	AVAIL
contextanchor	TAKEN
schemalane	TAKEN
warehouselog	TAKEN
agentdeck	TAKEN
tracedocket	TAKEN
cohortsignal	TAKEN
contextframe	TAKEN
metricdesk	TAKEN
emissiondesk	TAKEN
weightstrail	AVAIL
deployvault	TAKEN
formularylog	AVAIL
freightport	TAKEN
accessdocket	TAKEN
signaldepot	TAKEN
brolldocket	AVAIL
autonomydepot	TAKEN
keydock	TAKEN
modelgate	TAKEN
deployledger	AVAIL
signalpath	TAKEN
clearinglane	AVAIL
thermalforge	TAKEN
escrowport	TAKEN
datasetindex	TAKEN
cobotforge	TAKEN
posturedesk	TAKEN
payoutindex	TAKEN
vectorsignal	TAKEN
recordmesh	TAKEN
customsdesk	TAKEN
wattroom	TAKEN
carbonsuite	TAKEN
riskdock	TAKEN
inferenceloop	TAKEN
tracedock	TAKEN
commitpath	TAKEN
exposurestack	TAKEN
freightindex	TAKEN
schemarail	TAKEN
breachtrail	TAKEN
redactcompass	AVAIL
releasefolio	AVAIL
keyport	TAKEN
auditanchor	TAKEN
montageboard	TAKEN
metricrail	AVAIL
routepath	TAKEN
ledgercompass	TAKEN
signalroom	TAKEN
posturegate	AVAIL
schemafolio	AVAIL
manifestwatch	TAKEN
solarbench	TAKEN
passportdock	AVAIL
cargosuite	TAKEN
lineagecore	TAKEN
rolloutlayer	AVAIL
covenantboard	AVAIL
remitsignal	TAKEN
columnbase	TAKEN
policyengine	TAKEN
registrymesh	AVAIL
deploysuite	TAKEN
commitloop	TAKEN
filingsignal	TAKEN
captiondeck	TAKEN
complyforge	TAKEN
stagingfolio	TAKEN
evalindex	TAKEN
fleetfolio	TAKEN
datasetbench	AVAIL
cohortfolio	AVAIL
sessiongrid	TAKEN
rolloutwatch	AVAIL
schemavault	TAKEN
filingengine	TAKEN
captiondepot	TAKEN
schemaworks	TAKEN
treasurybench	AVAIL
charteryard	TAKEN
redactyard	AVAIL
clausefolio	AVAIL
clinicdock	TAKEN
covenantlayer	TAKEN
retentionroom	TAKEN
evidenceatlas	TAKEN
manifestbench	AVAIL
shopfloorgrid	AVAIL
settlelayer	TAKEN
revenuegrid	TAKEN
cargowatch	TAKEN
thermalrail	TAKEN
runtimebeacon	TAKEN
renderport	TAKEN
escrowfolio	TAKEN
agentpanel	TAKEN
columndock	AVAIL
patientbeacon	TAKEN
atteststack	TAKEN
redactanchor	AVAIL
secretforge	TAKEN
invoiceloop	TAKEN
statuteanchor	AVAIL
binarypanel	AVAIL
incidentworks	TAKEN
vectorcore	TAKEN
statuteroom	AVAIL
evalguard	TAKEN
artifactpanel	AVAIL
emissionroom	AVAIL
carbonanchor	TAKEN
tenantbeacon	TAKEN
pipelinedepot	TAKEN
lineagepath	TAKEN
referralvault	TAKEN
policymap	TAKEN
escrowpanel	TAKEN
riskyard	TAKEN
intakedock	TAKEN
contextmesh	TAKEN
sessionthread	TAKEN
riskthread	TAKEN
rolloutroom	AVAIL
thermaldocket	AVAIL
palletdesk	TAKEN
identityvault	TAKEN
invoiceledger	TAKEN
evidenceguard	TAKEN
renderloop	TAKEN
prooflens	TAKEN
contextgate	TAKEN
solardepot	TAKEN
agentbeacon	TAKEN
captionbeacon	AVAIL
statuteworks	TAKEN
dosingdepot	AVAIL
attestsuite	AVAIL
shipmentcore	TAKEN
contextfabric	TAKEN
claimsthread	AVAIL
filingvault	TAKEN
remitdocket	AVAIL
datasetloop	AVAIL
dosingpanel	AVAIL
evaltrail	TAKEN
weightspanel	AVAIL
retentionmap	TAKEN
payoutlane	TAKEN
dosingstack	AVAIL
cutlistlane	AVAIL
evalfabric	TAKEN
auditworks	TAKEN
embedloop	TAKEN
tensorcore	TAKEN
mandateanchor	AVAIL
trustbase	TAKEN
depotguard	TAKEN
escrowcore	TAKEN
reconcileyard	AVAIL
reasoningloop	TAKEN
carbondesk	TAKEN
shopfloorlane	AVAIL
covenantframe	TAKEN
autonomypanel	AVAIL
shipmentpanel	TAKEN
lineagethread	AVAIL
incidentbase	TAKEN
wattbench	TAKEN
shipmentbench	AVAIL
deploybase	TAKEN
retentiondeck	TAKEN
cargobridge	TAKEN
evalforge	TAKEN
payercore	TAKEN
carbonatlas	TAKEN
artifactroom	TAKEN
revenuefolio	TAKEN
remitfolio	TAKEN
ladingforge	AVAIL
schemagrid	TAKEN
filingatlas	TAKEN
chartrail	AVAIL
manifestlens	TAKEN
privacylayer	TAKEN
buildyard	TAKEN
vendorframe	TAKEN
privacydesk	TAKEN
freightfolio	TAKEN
routeregister	AVAIL
commitcore	TAKEN
releasescope	AVAIL
tensorgate	TAKEN
auditport	TAKEN
breachdesk	TAKEN
cohortbeacon	AVAIL
releaseforge	TAKEN
rendersuite	TAKEN
agentdepot	TAKEN
pipelinewatch	TAKEN
policytrail	TAKEN
ledgerport	TAKEN
registryloop	AVAIL
inferencelane	TAKEN
intakefolio	AVAIL
signalscope	TAKEN
keydesk	TAKEN
emberengine	TAKEN
policyforge	TAKEN
assuranceroom	AVAIL
traceforge	TAKEN
rendervault	TAKEN
schemathread	TAKEN
clausebeacon	TAKEN
secretbeacon	TAKEN
releasepath	TAKEN
posturesuite	TAKEN
badgeroom	AVAIL
captiongrid	TAKEN
intakewatch	AVAIL
freightlog	TAKEN
tensorwatch	TAKEN
postureyard	AVAIL
palletrail	TAKEN
payloadframe	AVAIL
chartwatch	TAKEN
payerscope	TAKEN
renderpath	TAKEN
thermalengine	TAKEN
patchbeacon	TAKEN
wattscope	TAKEN
evidencegrid	TAKEN
filingboard	TAKEN
brollyard	AVAIL
paymentatlas	TAKEN
solarmesh	TAKEN
chartersignal	AVAIL
clinicyard	AVAIL
ledgertrail	TAKEN
pipelineworks	TAKEN
secretmesh	TAKEN
manifestgrid	TAKEN
customsfabric	AVAIL
routeforge	TAKEN
treasuryframe	AVAIL
threatanchor	AVAIL
statutebeacon	AVAIL
invoicedock	TAKEN
registrygate	TAKEN
telemetryport	TAKEN
embedthread	TAKEN
cohortrail	AVAIL
shipmentpath	TAKEN
redactfolio	AVAIL
modelframe	TAKEN
corpusbench	TAKEN
threatbench	TAKEN
settlepanel	AVAIL
metricframe	TAKEN
packagestack	TAKEN
redactdesk	TAKEN
columnledger	AVAIL
payoutatlas	TAKEN
commitport	TAKEN
vendortrail	TAKEN
turbinegate	AVAIL
weightsyard	AVAIL
thermalport	TAKEN
agentdock	TAKEN
risktrail	TAKEN
clearingtrail	AVAIL
customsguard	TAKEN
revenuefabric	TAKEN
proofdesk	TAKEN
wattindex	TAKEN
stagingloop	TAKEN
shipmentroom	AVAIL
vectorguard	TAKEN
remitkernel	TAKEN
depotgrid	TAKEN
accessmap	TAKEN
formularyroom	AVAIL
metricbridge	TAKEN
vectorfolio	TAKEN
sessionworks	TAKEN
tenantforge	TAKEN
remitscope	TAKEN
actuatorframe	AVAIL
brollbridge	AVAIL
lineageframe	AVAIL
releasecore	TAKEN
cohortscope	AVAIL
catalogframe	AVAIL
autonomysuite	TAKEN
packagebeacon	TAKEN
clearingwatch	TAKEN
turbinedesk	TAKEN
tenantport	TAKEN
depotsignal	TAKEN
consentyard	AVAIL
attestworks	TAKEN
secretdock	TAKEN
deployfolio	AVAIL
warehousegate	TAKEN
montagedeck	AVAIL
billingdocket	AVAIL
escrowlane	TAKEN
autonomyindex	TAKEN
paymentbridge	TAKEN
tokenport	TAKEN
agentlens	TAKEN
datasetscope	AVAIL
corpusbeacon	AVAIL
pipelinelane	TAKEN
wattpath	TAKEN
brollthread	AVAIL
columnfolio	AVAIL
emberlens	TAKEN
commitlog	TAKEN
captionguard	TAKEN
wattkernel	TAKEN
controldeck	TAKEN
attestbench	AVAIL
riskwatch	TAKEN
remitworks	TAKEN
escrowsuite	TAKEN
payloadlog	AVAIL
buildloop	TAKEN
privacyatlas	TAKEN
montageframe	AVAIL
commitbase	TAKEN
haulageloop	AVAIL
accessanchor	TAKEN
remitroom	AVAIL
dosingscope	AVAIL
trustsuite	TAKEN
attestframe	AVAIL
breachwatch	TAKEN
lineagelog	TAKEN
packagemesh	AVAIL
policybench	TAKEN
treasurywatch	TAKEN
runtimeindex	TAKEN
registryguard	TAKEN
clinicengine	TAKEN
revenuebridge	TAKEN
schemascope	TAKEN
payloadguard	TAKEN
passportframe	TAKEN
thermalpanel	TAKEN
redactdocket	AVAIL
clearingfolio	AVAIL
routeanchor	TAKEN
shipmentport	AVAIL
keyindex	TAKEN
pipelinesuite	TAKEN
assurancelane	TAKEN
stagingvault	TAKEN
settlewatch	AVAIL
ladingfabric	AVAIL
threatdeck	TAKEN
vectordepot	TAKEN
cutlistboard	AVAIL
riskrail	TAKEN
billingengine	TAKEN
signaltrail	TAKEN
depotbeacon	AVAIL
cohortyard	TAKEN
intakeyard	AVAIL
ledgerbridge	TAKEN
risklens	TAKEN
accessyard	TAKEN
autonomyvault	TAKEN
proofwatch	TAKEN
payoutwatch	TAKEN
releaseatlas	TAKEN
cargoyard	TAKEN
cargoatlas	TAKEN
cataloganchor	AVAIL
vectorthread	TAKEN
accessworks	TAKEN
cargoregister	TAKEN
evidenceyard	AVAIL
statutebench	AVAIL
controlbase	TAKEN
freightsignal	TAKEN
keyfabric	TAKEN
releasepanel	TAKEN
fleetpath	TAKEN
prooftrail	TAKEN
lineagebench	AVAIL
brolldeck	AVAIL
telemetrydesk	TAKEN
subjectlayer	TAKEN
thermalyard	AVAIL
triagegate	TAKEN
stagingboard	TAKEN
trustscope	TAKEN
consentstack	TAKEN
rendercore	TAKEN
patchatlas	TAKEN
palletpanel	TAKEN
riskbridge	TAKEN
routefabric	TAKEN
breachlayer	TAKEN
riskledger	TAKEN
risksignal	TAKEN
complyfolio	TAKEN
catalogdock	TAKEN
inferencedesk	TAKEN
invoicefolio	TAKEN
fleetcore	TAKEN
routetrail	TAKEN
schemapanel	AVAIL
freightdepot	TAKEN
clinicmesh	TAKEN
datasetvault	TAKEN
telemetrygrid	TAKEN
threatscope	TAKEN
chartgrid	TAKEN
manifestboard	TAKEN
depotatlas	AVAIL
customslane	TAKEN
buildatlas	TAKEN
tracemesh	TAKEN
covenantbench	AVAIL
claimslayer	TAKEN
cutlistport	AVAIL
weightsworks	AVAIL
turbinevault	AVAIL
routeboard	TAKEN
renderdeck	TAKEN
formularypath	AVAIL
referralgrid	TAKEN
erasureroom	AVAIL
clausekernel	TAKEN
guardrailmesh	TAKEN
treasuryatlas	TAKEN
actuatorbase	AVAIL
signaldock	TAKEN
attestatlas	TAKEN
breachfabric	AVAIL
payoutbridge	TAKEN
tokenfabric	TAKEN
brollboard	AVAIL
charterthread	AVAIL
intakeframe	TAKEN
solarlog	TAKEN
recordstack	TAKEN
releasefabric	AVAIL
shipmentdesk	TAKEN
vendorworks	TAKEN
freightrail	TAKEN
policybeacon	TAKEN
remitledger	TAKEN
trustregister	TAKEN
signalatlas	TAKEN
badgeindex	AVAIL
rolloutvault	AVAIL
montagescope	AVAIL
chartengine	TAKEN
retentionrail	TAKEN
charterlane	TAKEN
proofregister	TAKEN
threatgrid	TAKEN
ladingboard	AVAIL
paymentsignal	TAKEN
datasetlog	AVAIL
policylog	TAKEN
consentmap	TAKEN
manifestcore	TAKEN
releaserail	TAKEN
incidentpanel	AVAIL
complystack	TAKEN
threatstack	TAKEN
haulagedepot	AVAIL
proofkernel	TAKEN
catalogforge	TAKEN
payloadboard	AVAIL
pipelinescope	TAKEN
patchdeck	TAKEN
rolloutmesh	AVAIL
remitdock	TAKEN
tracebridge	TAKEN
corpusvault	TAKEN
clinicworks	TAKEN
runtimemesh	TAKEN
renderengine	TAKEN
ladingworks	AVAIL
freightbeacon	TAKEN
stagingdock	TAKEN
schemastack	TAKEN
erasuretrail	AVAIL
cutlistlens	AVAIL
vendorvault	TAKEN
passportstack	TAKEN
weightsforge	AVAIL
complyatlas	TAKEN
contextbridge	TAKEN
invoicesignal	TAKEN
mandateloop	AVAIL
contextdeck	TAKEN
invoicemesh	TAKEN
sessionmap	TAKEN
policypath	TAKEN
keycore	TAKEN
solarlens	TAKEN
mandatelog	AVAIL
cobotatlas	AVAIL
filingbeacon	TAKEN
binarybase	TAKEN
billingmap	TAKEN
buildkernel	TAKEN
recordgate	TAKEN
lineagebridge	AVAIL
embedyard	AVAIL
guardrailcore	TAKEN
posturetrail	AVAIL
inferencedeck	TAKEN
packageguard	TAKEN
cutlistbeacon	AVAIL
controlpanel	TAKEN
remityard	AVAIL
policymesh	TAKEN
prooflayer	TAKEN
ladingsignal	AVAIL
manifestloop	TAKEN
solarsuite	TAKEN
captionbase	TAKEN
cliniclayer	TAKEN
thermalstack	TAKEN
artifactdepot	TAKEN
ladingbridge	AVAIL
haulagefabric	AVAIL
traceindex	TAKEN
traceworks	TAKEN
datasetdesk	AVAIL
agentgate	TAKEN
renewablepath	TAKEN
montagesignal	AVAIL
telemetrylane	TAKEN
customsbench	AVAIL
vectorlayer	TAKEN
consentlens	TAKEN
promptforge	TAKEN
buildgate	TAKEN
promptfolio	TAKEN
posturefolio	AVAIL
schemaroom	AVAIL
patchanchor	AVAIL
complyboard	TAKEN
charterdesk	TAKEN
erasurethread	AVAIL
chartforge	TAKEN
carbondeck	TAKEN
brollbeacon	AVAIL
controlvault	TAKEN
chartfabric	AVAIL
payloadpath	AVAIL
datasetforge	TAKEN
artifactrail	AVAIL
covenantguard	TAKEN
turbineatlas	AVAIL
incidentlane	AVAIL
vendorport	TAKEN
ladinglens	AVAIL
cohortatlas	TAKEN
tensorboard	TAKEN
cohortdepot	AVAIL
wattsignal	TAKEN
controlport	TAKEN
metricanchor	TAKEN
vendorpanel	TAKEN
consentrail	TAKEN
contextworks	TAKEN
brollpath	AVAIL
datasetdock	AVAIL
telemetrydeck	TAKEN
pipelineatlas	TAKEN
redactlog	TAKEN
shipmentvault	TAKEN
keybase	TAKEN
rolloutbase	AVAIL
payloadbench	AVAIL
trustfolio	TAKEN
billingyard	AVAIL
triageledger	AVAIL
corpusworks	TAKEN
attestscope	AVAIL
keyworks	TAKEN
cutlistengine	TAKEN
carbonthread	TAKEN
haulagebridge	AVAIL
cohortboard	TAKEN
renderindex	TAKEN
patientcore	TAKEN
reasoningport	AVAIL
triageatlas	AVAIL
mandatedocket	AVAIL
telemetrypath	AVAIL
renewablelane	TAKEN
columnworks	TAKEN
statutepanel	AVAIL
paypath	TAKEN
registrycore	TAKEN
freightlens	TAKEN
consentgate	TAKEN
commitsuite	AVAIL
consentmesh	TAKEN
patientmap	TAKEN
vendordesk	TAKEN
solarbeacon	TAKEN
triagetrail	AVAIL
emissionworks	AVAIL
stagingrail	TAKEN
threatmap	TAKEN
rendertrail	TAKEN
chartermap	TAKEN
promptpath	TAKEN
ledgerboard	TAKEN
brollport	AVAIL
paymentstack	TAKEN
sessionwatch	TAKEN
registryframe	AVAIL
tensorguard	TAKEN
identitydesk	TAKEN
lineageboard	AVAIL
deploygate	TAKEN
datasetlens	TAKEN
proofmesh	TAKEN
badgesuite	TAKEN
settlebeacon	AVAIL
breachkernel	AVAIL
tokenmesh	TAKEN
emissionatlas	AVAIL
commitstack	TAKEN
billingbench	TAKEN
carbondepot	TAKEN
settlecompass	TAKEN
accesspanel	TAKEN
weightsmesh	AVAIL
clearingpath	TAKEN
accessdock	TAKEN
thermalgate	TAKEN
cutlistforge	AVAIL
evalanchor	AVAIL
pipelineboard	TAKEN
cohortloop	TAKEN
corpusguard	TAKEN
dosingboard	AVAIL
inferencelens	TAKEN
autonomymesh	TAKEN
ladingdock	TAKEN
turbinestack	AVAIL
intakeanchor	AVAIL
palletlayer	AVAIL
statuteport	AVAIL
autonomyfolio	AVAIL
rolloutdesk	AVAIL
actuatorlens	AVAIL
releasesuite	TAKEN
referralscope	TAKEN
pipelinerail	AVAIL
dosingbeacon	AVAIL
montageworks	TAKEN
embedbench	TAKEN
emissiondock	AVAIL
wattpanel	TAKEN
turbineforge	TAKEN
captionlog	AVAIL
patientdocket	AVAIL
patientfabric	TAKEN
accessbridge	TAKEN
chartpath	TAKEN
recordroom	TAKEN
captionkernel	AVAIL
tokenbridge	TAKEN
haulagebeacon	AVAIL
brollmesh	AVAIL
trustdock	TAKEN
posturelog	AVAIL
statutemap	TAKEN
policyroom	TAKEN
ladingwatch	AVAIL
contextlog	TAKEN
badgeworks	TAKEN
proofgate	TAKEN
emissionboard	AVAIL
consentsignal	TAKEN
mandatemesh	TAKEN
keymap	TAKEN
customsengine	TAKEN
captionlens	TAKEN
kinematicyard	AVAIL
ladingfolio	AVAIL
exposureatlas	TAKEN
referraldeck	TAKEN
erasurerail	AVAIL
charterpanel	TAKEN
cobotanchor	AVAIL
agentroom	TAKEN
freightloop	TAKEN
triagewatch	TAKEN
manifestvault	TAKEN
fleetlane	TAKEN
haulagebase	AVAIL
cutlistmap	AVAIL
embedcore	TAKEN
payguard	TAKEN
metricthread	TAKEN
payerdepot	AVAIL
statuteloop	AVAIL
cobotworks	TAKEN
schemakernel	AVAIL
modeltrail	TAKEN
carbonmesh	TAKEN
evalgate	TAKEN
buildthread	TAKEN
customsanchor	AVAIL
tokenkernel	TAKEN
vectorfabric	TAKEN
controlengine	TAKEN
consentpanel	AVAIL
breachbeacon	TAKEN
binaryfolio	TAKEN
badgekernel	AVAIL
cargoengine	TAKEN
actuatormesh	AVAIL
payloadmap	AVAIL
trustforge	TAKEN
manifeststack	TAKEN
clinicscope	TAKEN
cohortbench	TAKEN
cargostack	TAKEN
erasuresuite	AVAIL
passportatlas	TAKEN
secretindex	TAKEN
clinicatlas	TAKEN
intakebridge	TAKEN
paymentport	TAKEN
clausegate	TAKEN
vendorlog	TAKEN
tenantsuite	TAKEN
badgerail	AVAIL
keycompass	TAKEN
stagingbase	TAKEN
clausebase	TAKEN
chartboard	TAKEN
corpusdocket	AVAIL
accesscompass	TAKEN
tensorfabric	TAKEN
solarpanel	TAKEN
promptloop	TAKEN
vendormap	TAKEN
fleetkernel	TAKEN
rolloutledger	AVAIL
fleetdeck	TAKEN
ledgerlane	TAKEN
registrybase	TAKEN
palletscope	TAKEN
packageframe	AVAIL
emberdesk	TAKEN
reconcilelens	AVAIL
policycore	TAKEN
thermalbase	TAKEN
settlecore	TAKEN
evaldeck	TAKEN
cohortbase	TAKEN
binarymesh	TAKEN
pipelineframe	TAKEN
packagesuite	TAKEN
palletport	TAKEN
tensorkernel	TAKEN
vendorboard	TAKEN
evalyard	TAKEN
metricyard	TAKEN
autonomygrid	TAKEN
inferenceyard	AVAIL
breachsignal	TAKEN
tensorbase	TAKEN
paymentsuite	TAKEN
incidentboard	TAKEN
payroom	TAKEN
deployport	TAKEN
clausecompass	TAKEN
referralbase	TAKEN
inferencegate	TAKEN
clausetrail	AVAIL
tensorforge	TAKEN
tenantlog	TAKEN
threatbase	TAKEN
fleetguard	TAKEN
sessionlog	TAKEN
evidencebench	TAKEN
payeratlas	TAKEN
corpusthread	AVAIL
vendorloop	TAKEN
customsdock	AVAIL
routedocket	AVAIL
triagecore	TAKEN
clauseloop	TAKEN
payerforge	AVAIL
triageanchor	AVAIL
rolloutdepot	AVAIL
cargodepot	TAKEN
evalscope	TAKEN
fleetanchor	TAKEN
proofport	TAKEN
chartscope	TAKEN
breachmap	TAKEN
recordbench	TAKEN
cobotcompass	TAKEN
treasurylens	TAKEN
paysuite	TAKEN
secretledger	TAKEN
chartsignal	TAKEN
cohortmesh	TAKEN
depotboard	AVAIL
lineagedesk	TAKEN
trustengine	TAKEN
settleforge	TAKEN
patchcompass	TAKEN
manifestforge	TAKEN
privacysignal	TAKEN
policylayer	TAKEN
trustbench	TAKEN
packagegate	AVAIL
breachgate	TAKEN
fleetforge	TAKEN
breachatlas	TAKEN
triagesuite	AVAIL
identityscope	TAKEN
renderatlas	TAKEN
settledeck	AVAIL
registrydock	AVAIL
emissionforge	AVAIL
agentanchor	TAKEN
settlesuite	TAKEN
vectoranchor	TAKEN
depotkernel	AVAIL
sessioncore	TAKEN
payoutfolio	AVAIL
posturepath	TAKEN
binaryforge	TAKEN
vectorwatch	TAKEN
breachyard	AVAIL
remitbridge	TAKEN
datasetbase	TAKEN
paymentworks	TAKEN
evidencedock	AVAIL
remitpath	TAKEN
paymentguard	TAKEN
renderscope	TAKEN
mandaterail	TAKEN
escrowdeck	TAKEN
cobotbase	TAKEN
dosingrail	AVAIL
secretanchor	TAKEN
freightgrid	TAKEN
attestport	TAKEN
cutlistrail	AVAIL
triagelog	TAKEN
cutlistdepot	AVAIL
kinematicbase	TAKEN
referralport	TAKEN
carbonloop	TAKEN
trustdeck	TAKEN
contextlayer	TAKEN
fleetdepot	TAKEN
covenantmesh	AVAIL
payloadworks	AVAIL
incidentyard	AVAIL
cohortlane	TAKEN
depotgate	TAKEN
clearingatlas	AVAIL
signalbridge	TAKEN
policysuite	TAKEN
statutebridge	AVAIL
warehouselens	TAKEN
signalbench	TAKEN
controltrail	TAKEN
pipelinegate	TAKEN
pipelinebase	TAKEN
paymentframe	TAKEN
invoiceguard	TAKEN
privacyguard	TAKEN
clinicindex	TAKEN
commityard	AVAIL
tokenanchor	TAKEN
solarguard	TAKEN
tenantgrid	TAKEN
keyforge	TAKEN
paymentpath	TAKEN
thermalroom	TAKEN
modelthread	TAKEN
badgedeck	TAKEN
claimsbase	TAKEN
schemaboard	TAKEN
incidentlog	TAKEN
badgeledger	AVAIL
catalogpath	TAKEN
credentialmap	TAKEN
statutedesk	TAKEN
routethread	AVAIL
kinematicdock	AVAIL
signalgrid	TAKEN
cargodesk	TAKEN
payoutbase	TAKEN
shipmentscope	TAKEN
payframe	TAKEN
subjectrail	AVAIL
binarylog	TAKEN
ledgerwatch	TAKEN
catalogcore	TAKEN
evidencetrail	TAKEN
clinicroom	TAKEN
manifestworks	TAKEN
renewabledock	AVAIL
threatyard	TAKEN
patchboard	TAKEN
remitloop	TAKEN
subjectsignal	AVAIL
paymentlog	TAKEN
covenantvault	TAKEN
tenantgate	TAKEN
weightscore	TAKEN
covenantpanel	TAKEN
turbinepanel	AVAIL
riskmesh	TAKEN
carbonindex	TAKEN
charterlens	TAKEN
routevault	TAKEN
registrypath	TAKEN
binarydepot	TAKEN
accessboard	TAKEN
packagebase	TAKEN
sessionindex	AVAIL
formularymesh	AVAIL
haulageatlas	AVAIL
telemetrymesh	TAKEN
brollframe	AVAIL
catalogfabric	TAKEN
badgestack	TAKEN
thermalmesh	TAKEN
statutecore	TAKEN
autonomylane	AVAIL
actuatorstack	TAKEN
intakethread	AVAIL
redactdock	TAKEN
releaseworks	TAKEN
redactmesh	AVAIL
patchdock	TAKEN
promptanchor	TAKEN
releasedeck	TAKEN
referralrail	TAKEN
wattport	TAKEN
brollbench	AVAIL
patchthread	AVAIL
tracecompass	TAKEN
incidentwatch	TAKEN
cargoroom	TAKEN
cutlistgate	AVAIL
vectorgrid	TAKEN
statutedeck	AVAIL
privacygrid	TAKEN
packageatlas	AVAIL
exposurescope	AVAIL
subjectfolio	AVAIL
agentledger	TAKEN
clinicgate	TAKEN
redactbench	AVAIL
shipmentlog	TAKEN
redactforge	AVAIL
carbongate	TAKEN
accessvault	TAKEN
buildbench	TAKEN
shipmentlens	TAKEN
payoutdocket	AVAIL
payerledger	TAKEN
complydocket	TAKEN
proofdock	TAKEN
shipmentmap	AVAIL
statuteyard	AVAIL
keylane	TAKEN
erasuremap	TAKEN
turbinewatch	TAKEN
promptyard	TAKEN
dosingbase	AVAIL
erasuregrid	AVAIL
escrowyard	TAKEN
statuteatlas	AVAIL
retentionpath	TAKEN
breachengine	TAKEN
statutegrid	AVAIL
montagethread	AVAIL
artifactlane	TAKEN
reconcilepath	AVAIL
solarfabric	TAKEN
clinicfabric	AVAIL
weightsthread	AVAIL
formularydesk	AVAIL
threatforge	TAKEN
embedengine	TAKEN
metrickernel	AVAIL
vendorgate	TAKEN
carbontrail	TAKEN
attestcore	TAKEN
erasurelayer	AVAIL
settlemap	TAKEN
threatport	TAKEN
charterdeck	TAKEN
schemabench	TAKEN
reconcilegrid	AVAIL
recordframe	TAKEN
claimsdeck	AVAIL
ladingyard	AVAIL
tensorbench	TAKEN
attestledger	TAKEN
captionmap	TAKEN
privacyforge	TAKEN
wattcore	TAKEN
mandatedock	AVAIL
badgegrid	TAKEN
secretstack	TAKEN
runtimeroom	AVAIL
recordworks	TAKEN
weightsindex	AVAIL
recordport	TAKEN
depotfolio	AVAIL
