domaine,priorite,entreprise,pays,pourquoi,email,telephone,adresse_ou_site,personne,verification
FoodPark.net,1,Off the Beaten Truck Ltd (foodPark. Cambridge),UK,Marque foodPark sur foodparkcam.com; Companies House 12217822,hello@foodparkcam.com,,foodparkcam.com,Heidi White (fondatrice),Site
FoodPark.net,1,Food Park Charleroi (Concept Food Court Marly Faty),BE,Exploite foodpark.be; BE0731.560.637,hello@foodpark.be; foodparkmarly@gmail.com,+32 485 14 42 42; +32 466 33 92 92,Rue de la Montagne 52 Charleroi,Hakan & Fatih Harmandar,Site
FoodPark.net,1,Food Park (app livraison) foodpark.in,IN,Marque Food Park; app in.foodpark.foodpark,arbazkhan@foodpark.in,,foodpark.in - Kamrup Assam,Arbaz Khan,Registre (Google Play)
FoodPark.net,1,Irvine Company Retail (detenteur foodpark.com),US,Possede foodpark.com -> The Square Irvine; achat defensif,,+1 949 720 3100; +1 949 720 2550,irvinecompanyretail.com/contact,,Site
FoodPark.net,2,World Food Trucks,US,Plus grand food truck park USA,hello@worldfoodtrucks.com,+1 888 279 8411,worldfoodtrucks.com Kissimmee FL,,Site
FoodPark.net,2,The Foodie Park,US,Food park Miami,info@thefoodiepark.com,,thefoodiepark.com,,Site
FoodPark.net,2,Spark Social,US,Food truck parks SF/San Jose,info@sparksocialsf.com,,visitsparksocial.com,,Site
FoodPark.net,2,Food Truck Parc,US,Food truck park Iowa,info@foodtruckparc.com,+1 800 334 8100,foodtruckparc.com,,Site
FoodPark.net,2,Foodeez Park,US,Franchise de food truck parks,,,foodeezpark.com (formulaire),,Non confirme
FoodPark.net,2,Food Park Poznan,PL,Marche street food Food Park,,,facebook.com/foodparkpoznan,,Web
LateLets.com,1,Snaptrip Group (LateRooms; Last Minute Cottages; Independent Cottages),UK,Groupe last minute; possede LateRooms; PE-backed,hello@snaptrip.com,,Unit LG.03 Cargo Works 1-2 Hatfields London SE1 9PG,Matthew Fox (CEO),Site
LateLets.com,1,Last Minute Cottages Ltd (Snaptrip),UK,Companies House 07603578,support@lastminute-cottages.co.uk; marketing@lastminute-cottages.co.uk,+44 20 3637 0812,lastminute-cottages.co.uk,,Site
LateLets.com,1,lastminute.com group,CH/UK,Marque mondiale lastminute,Communications_Team@lastminute.com; corporatepr@lastminute.com,,Corso San Gottardo 30 6830 Chiasso; 18-20 Farringdon Lane London EC1R 3AH,,Web
LateLets.com,2,5th Gear Ltd (WhichCottage / late-availability-cottages.com),UK,Exploite un site late availability; SC242094,,,The Old Garage Mill Hills Farm Crieff PH7 3QW (formulaire),,Site
LateLets.com,2,lastminutecottages.com,UK,Portail late deals,,+44 345 268 1247,lastminutecottages.com/contact,,Site
LateLets.com,2,City Relay,UK,Gestion short lets London,info@cityrelay.com,+44 20 3865 0611,cityrelay.com,,Site
LateLets.com,2,UnderTheDoormat / Veeve,UK,Gestion short lets premium,,+44 20 7952 1650,1 Filament Walk London SW18 4GQ,,Site
LateLets.com,2,Houst,UK,Gestion short lets 35+ villes,,+44 7830 314659,houst.com,,Site
LateLets.com,2,Travel Chapter (holidaycottages.co.uk),UK,Agence cottages avec page last minute,,+44 1237 459 888; +44 1237 426 287,travelchapter.com,,Site
LateLets.com,2,Awaze (cottages.com),UK,Leader UK; last-minute deals,,+44 345 268 8889,awaze.com,,Site
LateLets.com,2,My Favourite Cottages,UK,Page late availability,,+44 1271 377 432,myfavouritecottages.co.uk,,Web
BikeFitting.net,1,Shimano Europe B.V. - bikefitting.com,NL,Proprietaire du .com; achat defensif,support@bikefitting.com; dealersupport.sbe@shimano-eu.com; niels.boon@shimano-eu.com,+31 341 272 300,Shimano Experience Center Valkenburg,Niels Boon,Site + IBFI
BikeFitting.net,1,Radlabor GmbH (bikefitting.de),DE,4 studios; titulaire bikefitting.de; HRB 701437,info@radlabor.de; muenchen@radlabor.de; frankfurt@radlabor.de; hamburg@radlabor.de,+49 761 458760-5,Heinrich-von-Stephan-Str. 5c 79100 Freiburg,Dr. Bjorn Stapelfeldt; Andreas Bruch,Site
BikeFitting.net,1,Velologe GmbH (bikefitting.org),DE,Titulaire bikefitting.org,Velologe1@velologe.de,+49 7452 88 78 537,Untere Muhlstrasse 15 72202 Nagold,Manuel Gauss,Site
BikeFitting.net,1,Smart Cycling (bikefitting.be),BE,Titulaire bikefitting.be,stefaan.de.gendt@skynet.be,+32 477 21 20 39,smartcycling.be Oost-Vlaanderen,Stefaan De Gendt,Site
BikeFitting.net,1,Sykkeltilpasning (bikefitting.no + .se),NO,Titulaire de 2 extensions; IBFI,petter@sykkeltilpasning.no,+47 915 32 008,Holterveien 2B 1448 Drobak,Petter,Site
BikeFitting.net,1,Sun Merit Bike Fit Studio (bikefitting.jp),JP,Titulaire bikefitting.jp; IBFI niveau 4,bikefit@sunmerit.co.jp,+81 45 881 8110,543-14 Gumizawacho Totsuka-ku Yokohama 245-0062,Makito Fushimi,Site + IBFI
BikeFitting.net,1,bikefit DOT (bikefitting.cz),CZ,Titulaire bikefitting.cz,info@bikefitdot.cz,,bikefitdot.cz Zlin,,Site
BikeFitting.net,1,Christian Pomer (bikefitting.at),AT,Titulaire bikefitting.at,anfrage@poemer.com,,poemer.com,Christian Pomer,Site
BikeFitting.net,1,Bikefitting-Studio Innsbruck,AT,Marque Bikefitting Studio,,,bikefitting-studio.com/anmeldung-kontakt (formulaire),Daniel Hechenblaickner,Site
BikeFitting.net,2,Velogicfit,NZ,Logiciel 3D de fitting,contact@velogicfit.com; info@velogicfit.com,,velogicfit.com,,Site
BikeFitting.net,2,MyVeloFit,CA,Fitting par IA,sales@myvelofit.com; support@myvelofit.com,,myvelofit.com,,Site
BikeFitting.net,2,Retul / Specialized Body Geometry,US,Systeme de fit leader,bodygeometry@specialized.com,,retul.com,,Site
BikeFitting.net,2,Madison (distributeur Shimano UK),UK,Gere bikefitting.com UK,bikefitting@madison.co.uk,,madison.co.uk,,Registre (Shimano)
BikeFitting.net,2,Shimano Australia,AU,Gere bikefitting.com AU,bikefitting@shimano.com.au,,shimano.com.au,,Registre (Shimano)
BikeFitting.net,2,Paul Lange & Co.,DE,Distributeur Shimano DE/AT,verkauf@paul-lange.de,,paul-lange.de,,Registre (Shimano)
BikeFitting.net,2,BikeFit (bikefit.com),US,Marque BikeFit outils,,,bikefit.com/pages/contact (formulaire),,Non confirme
BikeFitting.net,3,Cyclefit London,UK,Studio,info@cyclefit.co.uk,+44 20 7430 0083,cyclefit.co.uk,,Site
BikeFitting.net,3,SpeedLab BikeFit Studio,UK,Studio,pat@speedlab.uk,+44 7944 801 662,speedlab.uk,Pat,Site
BikeFitting.net,3,UK Bike Fit,UK,Studio,info@ukbikefit.com,,ukbikefit.com Matlock,,Site
BikeFitting.net,3,Velo Atelier,UK,Studio,info@veloatelier.co.uk,,veloatelier.co.uk Warwick,,Site
BikeFitting.net,3,Jarek Dymek Bikefit Studio,PL,Studio,biuro@bikefitstudio.pl,,bikefitstudio.pl,Jarek Dymek,Web
BikeFitting.net,3,BikeFitPRo,PL,Studio,kriss@bikefitpro.pl,+48 728 420 803,bikefitpro.pl,,Web
BikeFitting.net,3,Dekalog Bikefitting Studio,PL,Studio,,+48 666 040 695; +48 798 895 288,dekalogstudio.pl,,Site
BikeFitting.net,3,Bikefitting.nu,NL,Studio,studio@bikefitting.nu,+31 517 232 644,Haven 15 9035 BC Dronryp,,Web
BikeFitting.net,3,Dutch Bike Fit,NL,Studio,info@dutchbikefit.nl,+31 6 33 02 91 07,Woudenberg,,Web
BikeFitting.net,3,Raven Bikefitting+,NL,Studio,hans@ravenbikefitting.nl,+31 6 516 15 416,Harderwijk,Hans,Web
BikeFitting.net,3,Databikefit,NL,Studio,info@databikefit.nl,,Rotterdam,,Web
BikeFitting.net,3,Bike Fit Studio,NL,Studio,info@bikefitstudio.nl,,Heerenveen,,Web
BikeFitting.net,3,Fit Werx,US,Chaine NJ/MA/VT,,,fitwerx.com (formulaire),,Web
